ID,Pair_ID,Score_DOM,Score_NONDOM,Difference_Group,Group_Rank,Foreground_Texture_Class,Signed_Difference,Absolute_Difference,Squared_Difference
0,high_01,4,4,high,1,10,0,0,0
0,high_02,3,4,high,2,7,-1,1,1
0,high_03,2,4,high,3,5,-2,2,4
0,high_04,2,3,high,4,8,-1,1,1
0,high_05,1,2,high,5,2,-1,1,1
0,high_06,3,3,high,6,4,0,0,0
0,high_07,1,1,high,7,3,0,0,0
0,high_08,5,4,high,8,9,1,1,1
0,high_09,4,4,high,9,1,0,0,0
0,high_10,2,2,high,10,6,0,0,0
0,low_01,2,2,low,1,4,0,0,0
0,low_02,2,2,low,2,3,0,0,0
0,low_03,2,2,low,3,9,0,0,0
0,low_04,1,2,low,4,5,-1,1,1
0,low_05,3,4,low,5,2,-1,1,1
0,low_06,2,4,low,6,6,-2,2,4
0,low_07,2,2,low,7,1,0,0,0
0,low_08,2,4,low,8,8,-2,2,4
0,low_09,2,4,low,9,10,-2,2,4
0,low_10,1,1,low,10,7,0,0,0
