path,mean_relative_luminance,luminance_class,foreground_candidate
C:\Users\Hamada.MSI\Desktop\Hamada\lab\data\raw\images\McGill Calibrated Color Image Database\Textures\Textures\merry_mtl07_005.tif,0.00414150245979611,1,True
C:\Users\Hamada.MSI\Desktop\Hamada\lab\data\raw\images\McGill Calibrated Color Image Database\Textures\Textures\pippin_Mex07_011.tif,0.0486039752413009,1,True
C:\Users\Hamada.MSI\Desktop\Hamada\lab\data\raw\images\McGill Calibrated Color Image Database\Textures\Textures\pippin_park0035.tif,0.05820117361531873,1,True
C:\Users\Hamada.MSI\Desktop\Hamada\lab\data\raw\images\McGill Calibrated Color Image Database\Textures\Textures\merry_mtl07_008.tif,0.12993952054127816,1,True
C:\Users\Hamada.MSI\Desktop\Hamada\lab\data\raw\images\McGill Calibrated Color Image Database\Textures\Textures\merry_mexico0121.tif,0.13611491028027256,1,True
C:\Users\Hamada.MSI\Desktop\Hamada\lab\data\raw\images\McGill Calibrated Color Image Database\Textures\Textures\merry_mexico0118.tif,0.14599158682189572,1,True
C:\Users\Hamada.MSI\Desktop\Hamada\lab\data\raw\images\McGill Calibrated Color Image Database\Textures\Textures\merry_mexico0154.tif,0.16586383141068772,1,True
C:\Users\Hamada.MSI\Desktop\Hamada\lab\data\raw\images\McGill Calibrated Color Image Database\Textures\Textures\pippin_adirondacks0025.tif,0.17764160954944053,1,True
C:\Users\Hamada.MSI\Desktop\Hamada\lab\data\raw\images\McGill Calibrated Color Image Database\Textures\Textures\merry_mexico0219.tif,0.18242522937867167,1,True
C:\Users\Hamada.MSI\Desktop\Hamada\lab\data\raw\images\McGill Calibrated Color Image Database\Textures\Textures\merry_mtl07_025.tif,0.1834406588683434,1,True
C:\Users\Hamada.MSI\Desktop\Hamada\lab\data\raw\images\McGill Calibrated Color Image Database\Textures\Textures\pippin_RVHtexture023.tif,0.18708788630866793,1,True
C:\Users\Hamada.MSI\Desktop\Hamada\lab\data\raw\images\McGill Calibrated Color Image Database\Textures\Textures\pippin_UniStrt024.tif,0.19748402683965785,1,True
C:\Users\Hamada.MSI\Desktop\Hamada\lab\data\raw\images\McGill Calibrated Color Image Database\Textures\Textures\merry_mtl07_034.tif,0.20070750366611687,1,True
C:\Users\Hamada.MSI\Desktop\Hamada\lab\data\raw\images\McGill Calibrated Color Image Database\Textures\Textures\pippin_ParcSafari050.tif,0.20165228711810632,2,False
C:\Users\Hamada.MSI\Desktop\Hamada\lab\data\raw\images\McGill Calibrated Color Image Database\Textures\Textures\pippin0275.tif,0.20233568732532461,2,False
C:\Users\Hamada.MSI\Desktop\Hamada\lab\data\raw\images\McGill Calibrated Color Image Database\Textures\Textures\merry_mtl07_021.tif,0.2024742946062624,2,False
C:\Users\Hamada.MSI\Desktop\Hamada\lab\data\raw\images\McGill Calibrated Color Image Database\Textures\Textures\pippin_Peel097.tif,0.2043216432626363,2,False
C:\Users\Hamada.MSI\Desktop\Hamada\lab\data\raw\images\McGill Calibrated Color Image Database\Textures\Textures\merry_mexico0140.tif,0.2043486029016551,2,False
C:\Users\Hamada.MSI\Desktop\Hamada\lab\data\raw\images\McGill Calibrated Color Image Database\Textures\Textures\merry_mtl07_041.tif,0.2068088493751377,2,False
C:\Users\Hamada.MSI\Desktop\Hamada\lab\data\raw\images\McGill Calibrated Color Image Database\Textures\Textures\pippin_park0051.tif,0.20818177438448712,2,False
C:\Users\Hamada.MSI\Desktop\Hamada\lab\data\raw\images\McGill Calibrated Color Image Database\Textures\Textures\pippin_RVHtexture025.tif,0.20874434294212313,2,False
C:\Users\Hamada.MSI\Desktop\Hamada\lab\data\raw\images\McGill Calibrated Color Image Database\Textures\Textures\pippin_park0044.tif,0.2100563008655652,2,False
C:\Users\Hamada.MSI\Desktop\Hamada\lab\data\raw\images\McGill Calibrated Color Image Database\Textures\Textures\merry_flor0019.tif,0.21011348622476658,2,False
C:\Users\Hamada.MSI\Desktop\Hamada\lab\data\raw\images\McGill Calibrated Color Image Database\Textures\Textures\pippin_park0039.tif,0.2117926723527605,2,False
C:\Users\Hamada.MSI\Desktop\Hamada\lab\data\raw\images\McGill Calibrated Color Image Database\Textures\Textures\merry_mtl07_009.tif,0.2128940153401693,2,False
C:\Users\Hamada.MSI\Desktop\Hamada\lab\data\raw\images\McGill Calibrated Color Image Database\Textures\Textures\pippin_RVHtexture001.tif,0.2174129415586173,2,False
C:\Users\Hamada.MSI\Desktop\Hamada\lab\data\raw\images\McGill Calibrated Color Image Database\Textures\Textures\pippin_RVHtexture004.tif,0.21875019051263805,3,False
C:\Users\Hamada.MSI\Desktop\Hamada\lab\data\raw\images\McGill Calibrated Color Image Database\Textures\Textures\pippin_RVHtexture024.tif,0.21955879454685354,3,False
C:\Users\Hamada.MSI\Desktop\Hamada\lab\data\raw\images\McGill Calibrated Color Image Database\Textures\Textures\merry_mtl07_003.tif,0.22006388472179483,3,False
C:\Users\Hamada.MSI\Desktop\Hamada\lab\data\raw\images\McGill Calibrated Color Image Database\Textures\Textures\pippin_park0019.tif,0.22211861430096883,3,False
C:\Users\Hamada.MSI\Desktop\Hamada\lab\data\raw\images\McGill Calibrated Color Image Database\Textures\Textures\pippin_UniStrt020.tif,0.22276244646077928,3,False
C:\Users\Hamada.MSI\Desktop\Hamada\lab\data\raw\images\McGill Calibrated Color Image Database\Textures\Textures\merry_mtl07_022.tif,0.22296620518904967,3,False
C:\Users\Hamada.MSI\Desktop\Hamada\lab\data\raw\images\McGill Calibrated Color Image Database\Textures\Textures\merry_win07_009.tif,0.22309000379606592,3,False
C:\Users\Hamada.MSI\Desktop\Hamada\lab\data\raw\images\McGill Calibrated Color Image Database\Textures\Textures\pippin_jtalon0016.tif,0.22320601805096033,3,False
C:\Users\Hamada.MSI\Desktop\Hamada\lab\data\raw\images\McGill Calibrated Color Image Database\Textures\Textures\pippin_jtalon0022.tif,0.22351050853638513,3,False
C:\Users\Hamada.MSI\Desktop\Hamada\lab\data\raw\images\McGill Calibrated Color Image Database\Textures\Textures\pippin_Peel043.tif,0.22357550353395955,3,False
C:\Users\Hamada.MSI\Desktop\Hamada\lab\data\raw\images\McGill Calibrated Color Image Database\Textures\Textures\pippin_RVHtexture003.tif,0.2242721474882172,3,False
C:\Users\Hamada.MSI\Desktop\Hamada\lab\data\raw\images\McGill Calibrated Color Image Database\Textures\Textures\pippin_RS_YachtClub006.tif,0.22433431819365057,3,False
C:\Users\Hamada.MSI\Desktop\Hamada\lab\data\raw\images\McGill Calibrated Color Image Database\Textures\Textures\pippin_park0047.tif,0.22585607715913592,3,False
C:\Users\Hamada.MSI\Desktop\Hamada\lab\data\raw\images\McGill Calibrated Color Image Database\Textures\Textures\pippin_RVHtexture016.tif,0.22588311344916182,4,False
C:\Users\Hamada.MSI\Desktop\Hamada\lab\data\raw\images\McGill Calibrated Color Image Database\Textures\Textures\merry_win07_012.tif,0.22633276755197945,4,False
C:\Users\Hamada.MSI\Desktop\Hamada\lab\data\raw\images\McGill Calibrated Color Image Database\Textures\Textures\pippin_park0052.tif,0.22656109798854177,4,False
C:\Users\Hamada.MSI\Desktop\Hamada\lab\data\raw\images\McGill Calibrated Color Image Database\Textures\Textures\pippin_ParcSafari005.tif,0.22733339372177805,4,False
C:\Users\Hamada.MSI\Desktop\Hamada\lab\data\raw\images\McGill Calibrated Color Image Database\Textures\Textures\pippin_RS_YachtClub019.tif,0.2289674018735146,4,False
C:\Users\Hamada.MSI\Desktop\Hamada\lab\data\raw\images\McGill Calibrated Color Image Database\Textures\Textures\pippin_RS_YachtClub026.tif,0.23051148156036738,4,False
C:\Users\Hamada.MSI\Desktop\Hamada\lab\data\raw\images\McGill Calibrated Color Image Database\Textures\Textures\pippin_park0038.tif,0.2312246263180965,4,False
C:\Users\Hamada.MSI\Desktop\Hamada\lab\data\raw\images\McGill Calibrated Color Image Database\Textures\Textures\pippin_park0060.tif,0.23138324316088135,4,False
C:\Users\Hamada.MSI\Desktop\Hamada\lab\data\raw\images\McGill Calibrated Color Image Database\Textures\Textures\merry_mtl07_037.tif,0.23184594636049383,4,False
C:\Users\Hamada.MSI\Desktop\Hamada\lab\data\raw\images\McGill Calibrated Color Image Database\Textures\Textures\pippin_UniStrt028.tif,0.2318611028945281,4,False
C:\Users\Hamada.MSI\Desktop\Hamada\lab\data\raw\images\McGill Calibrated Color Image Database\Textures\Textures\pippin_park0043.tif,0.23342342847389302,4,False
C:\Users\Hamada.MSI\Desktop\Hamada\lab\data\raw\images\McGill Calibrated Color Image Database\Textures\Textures\pippin_Peel013.tif,0.23342893618889007,4,False
C:\Users\Hamada.MSI\Desktop\Hamada\lab\data\raw\images\McGill Calibrated Color Image Database\Textures\Textures\pippin_RS_YachtClub023.tif,0.23343361070230365,4,False
C:\Users\Hamada.MSI\Desktop\Hamada\lab\data\raw\images\McGill Calibrated Color Image Database\Textures\Textures\pippin_UniStrt010.tif,0.23352937639666407,5,False
C:\Users\Hamada.MSI\Desktop\Hamada\lab\data\raw\images\McGill Calibrated Color Image Database\Textures\Textures\pippin_UniStrt005.tif,0.23355898021229318,5,False
C:\Users\Hamada.MSI\Desktop\Hamada\lab\data\raw\images\McGill Calibrated Color Image Database\Textures\Textures\pippin_ParcSafari048.tif,0.23436931547940834,5,False
C:\Users\Hamada.MSI\Desktop\Hamada\lab\data\raw\images\McGill Calibrated Color Image Database\Textures\Textures\pippin_RVHtexture026.tif,0.23523034219247563,5,False
C:\Users\Hamada.MSI\Desktop\Hamada\lab\data\raw\images\McGill Calibrated Color Image Database\Textures\Textures\pippin_RVHtexture008.tif,0.23591903864924502,5,False
C:\Users\Hamada.MSI\Desktop\Hamada\lab\data\raw\images\McGill Calibrated Color Image Database\Textures\Textures\pippin_adirondacks0013.tif,0.23617425713312842,5,False
C:\Users\Hamada.MSI\Desktop\Hamada\lab\data\raw\images\McGill Calibrated Color Image Database\Textures\Textures\merry_mtl07_019.tif,0.23899506603251422,5,False
C:\Users\Hamada.MSI\Desktop\Hamada\lab\data\raw\images\McGill Calibrated Color Image Database\Textures\Textures\pippin_Biodome044.tif,0.23900799299270228,5,False
C:\Users\Hamada.MSI\Desktop\Hamada\lab\data\raw\images\McGill Calibrated Color Image Database\Textures\Textures\pippin_RVHtexture013.tif,0.23906493430460826,5,False
C:\Users\Hamada.MSI\Desktop\Hamada\lab\data\raw\images\McGill Calibrated Color Image Database\Textures\Textures\pippin_spring0006.tif,0.2394735162988291,5,False
C:\Users\Hamada.MSI\Desktop\Hamada\lab\data\raw\images\McGill Calibrated Color Image Database\Textures\Textures\pippin_RVHtexture005.tif,0.23949185347216317,5,False
C:\Users\Hamada.MSI\Desktop\Hamada\lab\data\raw\images\McGill Calibrated Color Image Database\Textures\Textures\pippin_RS_YachtClub055.tif,0.24015830028916685,5,False
C:\Users\Hamada.MSI\Desktop\Hamada\lab\data\raw\images\McGill Calibrated Color Image Database\Textures\Textures\pippin_RVHtexture009.tif,0.24162786181661342,5,False
C:\Users\Hamada.MSI\Desktop\Hamada\lab\data\raw\images\McGill Calibrated Color Image Database\Textures\Textures\merry_mtl07_053.tif,0.24361462929846772,6,False
C:\Users\Hamada.MSI\Desktop\Hamada\lab\data\raw\images\McGill Calibrated Color Image Database\Textures\Textures\pippin_RVHtexture010.tif,0.2445257912956101,6,False
C:\Users\Hamada.MSI\Desktop\Hamada\lab\data\raw\images\McGill Calibrated Color Image Database\Textures\Textures\pippin_park0010.tif,0.24541723903410023,6,False
C:\Users\Hamada.MSI\Desktop\Hamada\lab\data\raw\images\McGill Calibrated Color Image Database\Textures\Textures\pippin_park0055.tif,0.24549415049201034,6,False
C:\Users\Hamada.MSI\Desktop\Hamada\lab\data\raw\images\McGill Calibrated Color Image Database\Textures\Textures\pippin0223.tif,0.2464150217232054,6,False
C:\Users\Hamada.MSI\Desktop\Hamada\lab\data\raw\images\McGill Calibrated Color Image Database\Textures\Textures\pippin_RVHtexture007.tif,0.24730734159696338,6,False
C:\Users\Hamada.MSI\Desktop\Hamada\lab\data\raw\images\McGill Calibrated Color Image Database\Textures\Textures\pippin_park0048.tif,0.24742193879779006,6,False
C:\Users\Hamada.MSI\Desktop\Hamada\lab\data\raw\images\McGill Calibrated Color Image Database\Textures\Textures\pippin_park0049.tif,0.24998193533213425,6,False
C:\Users\Hamada.MSI\Desktop\Hamada\lab\data\raw\images\McGill Calibrated Color Image Database\Textures\Textures\merry_mexico0122.tif,0.2507637865199863,6,False
C:\Users\Hamada.MSI\Desktop\Hamada\lab\data\raw\images\McGill Calibrated Color Image Database\Textures\Textures\pippin_RVHtexture019.tif,0.25129361176729265,6,False
C:\Users\Hamada.MSI\Desktop\Hamada\lab\data\raw\images\McGill Calibrated Color Image Database\Textures\Textures\pippin_Peel065.tif,0.2514714299318407,6,False
C:\Users\Hamada.MSI\Desktop\Hamada\lab\data\raw\images\McGill Calibrated Color Image Database\Textures\Textures\pippin_Biodome030.tif,0.25259155876022166,6,False
C:\Users\Hamada.MSI\Desktop\Hamada\lab\data\raw\images\McGill Calibrated Color Image Database\Textures\Textures\merry_mtl07_001.tif,0.255431448234964,6,False
C:\Users\Hamada.MSI\Desktop\Hamada\lab\data\raw\images\McGill Calibrated Color Image Database\Textures\Textures\pippin_UniStrt021.tif,0.2557580199812196,7,False
C:\Users\Hamada.MSI\Desktop\Hamada\lab\data\raw\images\McGill Calibrated Color Image Database\Textures\Textures\merry_mtl07_033.tif,0.25786329827431126,7,False
C:\Users\Hamada.MSI\Desktop\Hamada\lab\data\raw\images\McGill Calibrated Color Image Database\Textures\Textures\pippin_spring0003.tif,0.2610465058304958,7,False
C:\Users\Hamada.MSI\Desktop\Hamada\lab\data\raw\images\McGill Calibrated Color Image Database\Textures\Textures\pippin_park0054.tif,0.26241809008595635,7,False
C:\Users\Hamada.MSI\Desktop\Hamada\lab\data\raw\images\McGill Calibrated Color Image Database\Textures\Textures\pippin_UniStrt013.tif,0.2626554796057352,7,False
C:\Users\Hamada.MSI\Desktop\Hamada\lab\data\raw\images\McGill Calibrated Color Image Database\Textures\Textures\pippin_park0040.tif,0.2666440720234017,7,False
C:\Users\Hamada.MSI\Desktop\Hamada\lab\data\raw\images\McGill Calibrated Color Image Database\Textures\Textures\pippin0226.tif,0.2668915012353872,7,False
C:\Users\Hamada.MSI\Desktop\Hamada\lab\data\raw\images\McGill Calibrated Color Image Database\Textures\Textures\merry_mexico0123.tif,0.26980293905407765,7,False
C:\Users\Hamada.MSI\Desktop\Hamada\lab\data\raw\images\McGill Calibrated Color Image Database\Textures\Textures\pippin_RVHtexture012.tif,0.2717496221524032,7,False
C:\Users\Hamada.MSI\Desktop\Hamada\lab\data\raw\images\McGill Calibrated Color Image Database\Textures\Textures\pippin_RVHtexture006.tif,0.2723411394414479,7,False
C:\Users\Hamada.MSI\Desktop\Hamada\lab\data\raw\images\McGill Calibrated Color Image Database\Textures\Textures\pippin_park0037.tif,0.27345781902297733,7,False
C:\Users\Hamada.MSI\Desktop\Hamada\lab\data\raw\images\McGill Calibrated Color Image Database\Textures\Textures\merry_mexico0067.tif,0.27398185294628274,7,False
C:\Users\Hamada.MSI\Desktop\Hamada\lab\data\raw\images\McGill Calibrated Color Image Database\Textures\Textures\pippin_Peel071.tif,0.2754197230827806,8,False
C:\Users\Hamada.MSI\Desktop\Hamada\lab\data\raw\images\McGill Calibrated Color Image Database\Textures\Textures\merry_mtl07_023.tif,0.2764514160919657,8,False
C:\Users\Hamada.MSI\Desktop\Hamada\lab\data\raw\images\McGill Calibrated Color Image Database\Textures\Textures\merry_mtl07_012.tif,0.2788426073110781,8,False
C:\Users\Hamada.MSI\Desktop\Hamada\lab\data\raw\images\McGill Calibrated Color Image Database\Textures\Textures\pippin0225.tif,0.2800591522959636,8,False
C:\Users\Hamada.MSI\Desktop\Hamada\lab\data\raw\images\McGill Calibrated Color Image Database\Textures\Textures\pippin0063.tif,0.2815798321168921,8,False
C:\Users\Hamada.MSI\Desktop\Hamada\lab\data\raw\images\McGill Calibrated Color Image Database\Textures\Textures\pippin_park0050.tif,0.2826636917256564,8,False
C:\Users\Hamada.MSI\Desktop\Hamada\lab\data\raw\images\McGill Calibrated Color Image Database\Textures\Textures\pippin_Peel095.tif,0.28779521450800066,8,False
C:\Users\Hamada.MSI\Desktop\Hamada\lab\data\raw\images\McGill Calibrated Color Image Database\Textures\Textures\pippin_park0058.tif,0.2881275726920891,8,False
C:\Users\Hamada.MSI\Desktop\Hamada\lab\data\raw\images\McGill Calibrated Color Image Database\Textures\Textures\pippin_Peel096.tif,0.28953923170119805,8,False
C:\Users\Hamada.MSI\Desktop\Hamada\lab\data\raw\images\McGill Calibrated Color Image Database\Textures\Textures\pippin_RVHtexture021.tif,0.2926551903796374,8,False
C:\Users\Hamada.MSI\Desktop\Hamada\lab\data\raw\images\McGill Calibrated Color Image Database\Textures\Textures\pippin_park0059.tif,0.29435380301587516,8,False
C:\Users\Hamada.MSI\Desktop\Hamada\lab\data\raw\images\McGill Calibrated Color Image Database\Textures\Textures\merry_italy0171.tif,0.29559859829654855,8,False
C:\Users\Hamada.MSI\Desktop\Hamada\lab\data\raw\images\McGill Calibrated Color Image Database\Textures\Textures\pippin_park0042.tif,0.296572258716867,9,False
C:\Users\Hamada.MSI\Desktop\Hamada\lab\data\raw\images\McGill Calibrated Color Image Database\Textures\Textures\pippin_RVHtexture002.tif,0.29892649584971887,9,False
C:\Users\Hamada.MSI\Desktop\Hamada\lab\data\raw\images\McGill Calibrated Color Image Database\Textures\Textures\pippin_jtalon0032.tif,0.30551047016646893,9,False
C:\Users\Hamada.MSI\Desktop\Hamada\lab\data\raw\images\McGill Calibrated Color Image Database\Textures\Textures\pippin_RVHtexture020.tif,0.3087934378723572,9,False
C:\Users\Hamada.MSI\Desktop\Hamada\lab\data\raw\images\McGill Calibrated Color Image Database\Textures\Textures\pippin_UniStrt012.tif,0.31880225999432005,9,False
C:\Users\Hamada.MSI\Desktop\Hamada\lab\data\raw\images\McGill Calibrated Color Image Database\Textures\Textures\pippin_Peel069.tif,0.32321939523020604,9,False
C:\Users\Hamada.MSI\Desktop\Hamada\lab\data\raw\images\McGill Calibrated Color Image Database\Textures\Textures\pippin0224.tif,0.3256687332567499,9,False
C:\Users\Hamada.MSI\Desktop\Hamada\lab\data\raw\images\McGill Calibrated Color Image Database\Textures\Textures\pippin_UniStrt029.tif,0.33035847760591885,9,False
C:\Users\Hamada.MSI\Desktop\Hamada\lab\data\raw\images\McGill Calibrated Color Image Database\Textures\Textures\pippin_RVHtexture014.tif,0.3319534680975373,9,False
C:\Users\Hamada.MSI\Desktop\Hamada\lab\data\raw\images\McGill Calibrated Color Image Database\Textures\Textures\pippin_RVHtexture022.tif,0.3369830355754605,9,False
C:\Users\Hamada.MSI\Desktop\Hamada\lab\data\raw\images\McGill Calibrated Color Image Database\Textures\Textures\pippin_RS_YachtClub047.tif,0.34209411632691994,9,False
C:\Users\Hamada.MSI\Desktop\Hamada\lab\data\raw\images\McGill Calibrated Color Image Database\Textures\Textures\pippin_RVHtexture018.tif,0.34506355896558705,9,False
C:\Users\Hamada.MSI\Desktop\Hamada\lab\data\raw\images\McGill Calibrated Color Image Database\Textures\Textures\pippin_RS_YachtClub007.tif,0.3558654565397487,10,False
C:\Users\Hamada.MSI\Desktop\Hamada\lab\data\raw\images\McGill Calibrated Color Image Database\Textures\Textures\pippin_Peel109.tif,0.35710098147658614,10,False
C:\Users\Hamada.MSI\Desktop\Hamada\lab\data\raw\images\McGill Calibrated Color Image Database\Textures\Textures\pippin_RVHtexture017.tif,0.3594674957143996,10,False
C:\Users\Hamada.MSI\Desktop\Hamada\lab\data\raw\images\McGill Calibrated Color Image Database\Textures\Textures\pippin_RS_YachtClub030.tif,0.380399155222523,10,False
C:\Users\Hamada.MSI\Desktop\Hamada\lab\data\raw\images\McGill Calibrated Color Image Database\Textures\Textures\pippin_Peel018.tif,0.38214207547706247,10,False
C:\Users\Hamada.MSI\Desktop\Hamada\lab\data\raw\images\McGill Calibrated Color Image Database\Textures\Textures\pippin_RVHtexture011.tif,0.38264906918592534,10,False
C:\Users\Hamada.MSI\Desktop\Hamada\lab\data\raw\images\McGill Calibrated Color Image Database\Textures\Textures\pippin_Peel037.tif,0.3845234533850886,10,False
C:\Users\Hamada.MSI\Desktop\Hamada\lab\data\raw\images\McGill Calibrated Color Image Database\Textures\Textures\pippin0178.tif,0.38926698784543834,10,False
C:\Users\Hamada.MSI\Desktop\Hamada\lab\data\raw\images\McGill Calibrated Color Image Database\Textures\Textures\pippin_jtalon0015.tif,0.3902098629696487,10,False
C:\Users\Hamada.MSI\Desktop\Hamada\lab\data\raw\images\McGill Calibrated Color Image Database\Textures\Textures\pippin_RS_YachtClub016.tif,0.39059025307852613,10,False
C:\Users\Hamada.MSI\Desktop\Hamada\lab\data\raw\images\McGill Calibrated Color Image Database\Textures\Textures\pippin_RVHtexture015.tif,0.3939098134828115,10,False
C:\Users\Hamada.MSI\Desktop\Hamada\lab\data\raw\images\McGill Calibrated Color Image Database\Textures\Textures\pippin_UniStrt022.tif,0.4018388202806242,10,False
