directory,filename,fg_name,bg_name,visibility_score
2260314_163430,overlap_FG-2cpd_50nit_0.2_h_BG-2cpd_15nit_1.0.png,2cpd_50nit_0.2_h,2cpd_15nit_1.0,0.4534592926502228
2260314_163430,overlap_FG-2cpd_50nit_0.2_h_BG-2cpd_5nit_1.0.png,2cpd_50nit_0.2_h,2cpd_5nit_1.0,0.4712466299533844
2260314_163430,overlap_FG-2cpd_50nit_0.2_h_BG-4cpd_15nit_1.0.png,2cpd_50nit_0.2_h,4cpd_15nit_1.0,0.4229152202606201
2260314_163430,overlap_FG-2cpd_50nit_0.2_h_BG-4cpd_5nit_1.0.png,2cpd_50nit_0.2_h,4cpd_5nit_1.0,0.4418729543685913
2260314_163430,overlap_FG-2cpd_50nit_0.2_v_BG-2cpd_15nit_1.0.png,2cpd_50nit_0.2_v,2cpd_15nit_1.0,0.4545021951198578
2260314_163430,overlap_FG-2cpd_50nit_0.2_v_BG-2cpd_5nit_1.0.png,2cpd_50nit_0.2_v,2cpd_5nit_1.0,0.47145476937294006
2260314_163430,overlap_FG-2cpd_50nit_0.2_v_BG-4cpd_15nit_1.0.png,2cpd_50nit_0.2_v,4cpd_15nit_1.0,0.4220674932003021
2260314_163430,overlap_FG-2cpd_50nit_0.2_v_BG-4cpd_5nit_1.0.png,2cpd_50nit_0.2_v,4cpd_5nit_1.0,0.4409789741039276
2260314_163430,overlap_FG-2cpd_50nit_0.6_h_BG-2cpd_15nit_1.0.png,2cpd_50nit_0.6_h,2cpd_15nit_1.0,0.4543548822402954
2260314_163430,overlap_FG-2cpd_50nit_0.6_h_BG-2cpd_5nit_1.0.png,2cpd_50nit_0.6_h,2cpd_5nit_1.0,0.4740179479122162
2260314_163430,overlap_FG-2cpd_50nit_0.6_h_BG-4cpd_15nit_1.0.png,2cpd_50nit_0.6_h,4cpd_15nit_1.0,0.4239388406276703
2260314_163430,overlap_FG-2cpd_50nit_0.6_h_BG-4cpd_5nit_1.0.png,2cpd_50nit_0.6_h,4cpd_5nit_1.0,0.4447547495365143
2260314_163430,overlap_FG-2cpd_50nit_0.6_v_BG-2cpd_15nit_1.0.png,2cpd_50nit_0.6_v,2cpd_15nit_1.0,0.45561927556991577
2260314_163430,overlap_FG-2cpd_50nit_0.6_v_BG-2cpd_5nit_1.0.png,2cpd_50nit_0.6_v,2cpd_5nit_1.0,0.4745974838733673
2260314_163430,overlap_FG-2cpd_50nit_0.6_v_BG-4cpd_15nit_1.0.png,2cpd_50nit_0.6_v,4cpd_15nit_1.0,0.4218384921550751
2260314_163430,overlap_FG-2cpd_50nit_0.6_v_BG-4cpd_5nit_1.0.png,2cpd_50nit_0.6_v,4cpd_5nit_1.0,0.4427923560142517
2260314_163430,overlap_FG-2cpd_50nit_1.0_h_BG-2cpd_15nit_1.0.png,2cpd_50nit_1.0_h,2cpd_15nit_1.0,0.4602150619029999
2260314_163430,overlap_FG-2cpd_50nit_1.0_h_BG-2cpd_5nit_1.0.png,2cpd_50nit_1.0_h,2cpd_5nit_1.0,0.4827955961227417
2260314_163430,overlap_FG-2cpd_50nit_1.0_h_BG-4cpd_15nit_1.0.png,2cpd_50nit_1.0_h,4cpd_15nit_1.0,0.4308640956878662
2260314_163430,overlap_FG-2cpd_50nit_1.0_h_BG-4cpd_5nit_1.0.png,2cpd_50nit_1.0_h,4cpd_5nit_1.0,0.4550274610519409
2260314_163430,overlap_FG-2cpd_50nit_1.0_v_BG-2cpd_15nit_1.0.png,2cpd_50nit_1.0_v,2cpd_15nit_1.0,0.4614834189414978
2260314_163430,overlap_FG-2cpd_50nit_1.0_v_BG-2cpd_5nit_1.0.png,2cpd_50nit_1.0_v,2cpd_5nit_1.0,0.4838387668132782
2260314_163430,overlap_FG-2cpd_50nit_1.0_v_BG-4cpd_15nit_1.0.png,2cpd_50nit_1.0_v,4cpd_15nit_1.0,0.4278393089771271
2260314_163430,overlap_FG-2cpd_50nit_1.0_v_BG-4cpd_5nit_1.0.png,2cpd_50nit_1.0_v,4cpd_5nit_1.0,0.4520561993122101
2260314_163430,overlap_FG-2cpd_5nit_0.2_h_BG-2cpd_15nit_1.0.png,2cpd_5nit_0.2_h,2cpd_15nit_1.0,0.42299652099609375
2260314_163430,overlap_FG-2cpd_5nit_0.2_h_BG-2cpd_5nit_1.0.png,2cpd_5nit_0.2_h,2cpd_5nit_1.0,0.4996549189090729
2260314_163430,overlap_FG-2cpd_5nit_0.2_h_BG-4cpd_15nit_1.0.png,2cpd_5nit_0.2_h,4cpd_15nit_1.0,0.4079626500606537
2260314_163430,overlap_FG-2cpd_5nit_0.2_h_BG-4cpd_5nit_1.0.png,2cpd_5nit_0.2_h,4cpd_5nit_1.0,0.4667232036590576
2260314_163430,overlap_FG-2cpd_5nit_0.2_v_BG-2cpd_15nit_1.0.png,2cpd_5nit_0.2_v,2cpd_15nit_1.0,0.4231695830821991
2260314_163430,overlap_FG-2cpd_5nit_0.2_v_BG-2cpd_5nit_1.0.png,2cpd_5nit_0.2_v,2cpd_5nit_1.0,0.5003368258476257
2260314_163430,overlap_FG-2cpd_5nit_0.2_v_BG-4cpd_15nit_1.0.png,2cpd_5nit_0.2_v,4cpd_15nit_1.0,0.40816766023635864
2260314_163430,overlap_FG-2cpd_5nit_0.2_v_BG-4cpd_5nit_1.0.png,2cpd_5nit_0.2_v,4cpd_5nit_1.0,0.46677538752555847
2260314_163430,overlap_FG-2cpd_5nit_0.6_h_BG-2cpd_15nit_1.0.png,2cpd_5nit_0.6_h,2cpd_15nit_1.0,0.42651450634002686
2260314_163430,overlap_FG-2cpd_5nit_0.6_h_BG-2cpd_5nit_1.0.png,2cpd_5nit_0.6_h,2cpd_5nit_1.0,0.5039811134338379
2260314_163430,overlap_FG-2cpd_5nit_0.6_h_BG-4cpd_15nit_1.0.png,2cpd_5nit_0.6_h,4cpd_15nit_1.0,0.41223105788230896
2260314_163430,overlap_FG-2cpd_5nit_0.6_h_BG-4cpd_5nit_1.0.png,2cpd_5nit_0.6_h,4cpd_5nit_1.0,0.47237274050712585
2260314_163430,overlap_FG-2cpd_5nit_0.6_v_BG-2cpd_15nit_1.0.png,2cpd_5nit_0.6_v,2cpd_15nit_1.0,0.42792320251464844
2260314_163430,overlap_FG-2cpd_5nit_0.6_v_BG-2cpd_5nit_1.0.png,2cpd_5nit_0.6_v,2cpd_5nit_1.0,0.5062964558601379
2260314_163430,overlap_FG-2cpd_5nit_0.6_v_BG-4cpd_15nit_1.0.png,2cpd_5nit_0.6_v,4cpd_15nit_1.0,0.4125179350376129
2260314_163430,overlap_FG-2cpd_5nit_0.6_v_BG-4cpd_5nit_1.0.png,2cpd_5nit_0.6_v,4cpd_5nit_1.0,0.47195756435394287
2260314_163430,overlap_FG-2cpd_5nit_1.0_h_BG-2cpd_15nit_1.0.png,2cpd_5nit_1.0_h,2cpd_15nit_1.0,0.42918655276298523
2260314_163430,overlap_FG-2cpd_5nit_1.0_h_BG-2cpd_5nit_1.0.png,2cpd_5nit_1.0_h,2cpd_5nit_1.0,0.5082803964614868
2260314_163430,overlap_FG-2cpd_5nit_1.0_h_BG-4cpd_15nit_1.0.png,2cpd_5nit_1.0_h,4cpd_15nit_1.0,0.4154229462146759
2260314_163430,overlap_FG-2cpd_5nit_1.0_h_BG-4cpd_5nit_1.0.png,2cpd_5nit_1.0_h,4cpd_5nit_1.0,0.4770921766757965
2260314_163430,overlap_FG-2cpd_5nit_1.0_v_BG-2cpd_15nit_1.0.png,2cpd_5nit_1.0_v,2cpd_15nit_1.0,0.43107661604881287
2260314_163430,overlap_FG-2cpd_5nit_1.0_v_BG-2cpd_5nit_1.0.png,2cpd_5nit_1.0_v,2cpd_5nit_1.0,0.5108349919319153
2260314_163430,overlap_FG-2cpd_5nit_1.0_v_BG-4cpd_15nit_1.0.png,2cpd_5nit_1.0_v,4cpd_15nit_1.0,0.4152006208896637
2260314_163430,overlap_FG-2cpd_5nit_1.0_v_BG-4cpd_5nit_1.0.png,2cpd_5nit_1.0_v,4cpd_5nit_1.0,0.4757785499095917
2260314_163430,overlap_FG-4cpd_50nit_0.2_h_BG-2cpd_15nit_1.0.png,4cpd_50nit_0.2_h,2cpd_15nit_1.0,0.4542728364467621
2260314_163430,overlap_FG-4cpd_50nit_0.2_h_BG-2cpd_5nit_1.0.png,4cpd_50nit_0.2_h,2cpd_5nit_1.0,0.4715218245983124
2260314_163430,overlap_FG-4cpd_50nit_0.2_h_BG-4cpd_15nit_1.0.png,4cpd_50nit_0.2_h,4cpd_15nit_1.0,0.42306914925575256
2260314_163430,overlap_FG-4cpd_50nit_0.2_h_BG-4cpd_5nit_1.0.png,4cpd_50nit_0.2_h,4cpd_5nit_1.0,0.442527174949646
2260314_163430,overlap_FG-4cpd_50nit_0.2_v_BG-2cpd_15nit_1.0.png,4cpd_50nit_0.2_v,2cpd_15nit_1.0,0.45457831025123596
2260314_163430,overlap_FG-4cpd_50nit_0.2_v_BG-2cpd_5nit_1.0.png,4cpd_50nit_0.2_v,2cpd_5nit_1.0,0.4716852605342865
2260314_163430,overlap_FG-4cpd_50nit_0.2_v_BG-4cpd_15nit_1.0.png,4cpd_50nit_0.2_v,4cpd_15nit_1.0,0.42303791642189026
2260314_163430,overlap_FG-4cpd_50nit_0.2_v_BG-4cpd_5nit_1.0.png,4cpd_50nit_0.2_v,4cpd_5nit_1.0,0.4424261152744293
2260314_163430,overlap_FG-4cpd_50nit_0.6_h_BG-2cpd_15nit_1.0.png,4cpd_50nit_0.6_h,2cpd_15nit_1.0,0.45450976490974426
2260314_163430,overlap_FG-4cpd_50nit_0.6_h_BG-2cpd_5nit_1.0.png,4cpd_50nit_0.6_h,2cpd_5nit_1.0,0.4736468493938446
2260314_163430,overlap_FG-4cpd_50nit_0.6_h_BG-4cpd_15nit_1.0.png,4cpd_50nit_0.6_h,4cpd_15nit_1.0,0.42358434200286865
2260314_163430,overlap_FG-4cpd_50nit_0.6_h_BG-4cpd_5nit_1.0.png,4cpd_50nit_0.6_h,4cpd_5nit_1.0,0.44463759660720825
2260314_163430,overlap_FG-4cpd_50nit_0.6_v_BG-2cpd_15nit_1.0.png,4cpd_50nit_0.6_v,2cpd_15nit_1.0,0.45497190952301025
2260314_163430,overlap_FG-4cpd_50nit_0.6_v_BG-2cpd_5nit_1.0.png,4cpd_50nit_0.6_v,2cpd_5nit_1.0,0.4738122224807739
2260314_163430,overlap_FG-4cpd_50nit_0.6_v_BG-4cpd_15nit_1.0.png,4cpd_50nit_0.6_v,4cpd_15nit_1.0,0.42318716645240784
2260314_163430,overlap_FG-4cpd_50nit_0.6_v_BG-4cpd_5nit_1.0.png,4cpd_50nit_0.6_v,4cpd_5nit_1.0,0.444345086812973
2260314_163430,overlap_FG-4cpd_50nit_1.0_h_BG-2cpd_15nit_1.0.png,4cpd_50nit_1.0_h,2cpd_15nit_1.0,0.4606670141220093
2260314_163430,overlap_FG-4cpd_50nit_1.0_h_BG-2cpd_5nit_1.0.png,4cpd_50nit_1.0_h,2cpd_5nit_1.0,0.4823639392852783
2260314_163430,overlap_FG-4cpd_50nit_1.0_h_BG-4cpd_15nit_1.0.png,4cpd_50nit_1.0_h,4cpd_15nit_1.0,0.4298497438430786
2260314_163430,overlap_FG-4cpd_50nit_1.0_h_BG-4cpd_5nit_1.0.png,4cpd_50nit_1.0_h,4cpd_5nit_1.0,0.4537600576877594
2260314_163430,overlap_FG-4cpd_50nit_1.0_v_BG-2cpd_15nit_1.0.png,4cpd_50nit_1.0_v,2cpd_15nit_1.0,0.4613114595413208
2260314_163430,overlap_FG-4cpd_50nit_1.0_v_BG-2cpd_5nit_1.0.png,4cpd_50nit_1.0_v,2cpd_5nit_1.0,0.48260602355003357
2260314_163430,overlap_FG-4cpd_50nit_1.0_v_BG-4cpd_15nit_1.0.png,4cpd_50nit_1.0_v,4cpd_15nit_1.0,0.4292985796928406
2260314_163430,overlap_FG-4cpd_50nit_1.0_v_BG-4cpd_5nit_1.0.png,4cpd_50nit_1.0_v,4cpd_5nit_1.0,0.45326027274131775
2260314_163430,overlap_FG-4cpd_5nit_0.2_h_BG-2cpd_15nit_1.0.png,4cpd_5nit_0.2_h,2cpd_15nit_1.0,0.4250353276729584
2260314_163430,overlap_FG-4cpd_5nit_0.2_h_BG-2cpd_5nit_1.0.png,4cpd_5nit_0.2_h,2cpd_5nit_1.0,0.5034645199775696
2260314_163430,overlap_FG-4cpd_5nit_0.2_h_BG-4cpd_15nit_1.0.png,4cpd_5nit_0.2_h,4cpd_15nit_1.0,0.41050323843955994
2260314_163430,overlap_FG-4cpd_5nit_0.2_h_BG-4cpd_5nit_1.0.png,4cpd_5nit_0.2_h,4cpd_5nit_1.0,0.4694164991378784
2260314_163430,overlap_FG-4cpd_5nit_0.2_v_BG-2cpd_15nit_1.0.png,4cpd_5nit_0.2_v,2cpd_15nit_1.0,0.42529088258743286
2260314_163430,overlap_FG-4cpd_5nit_0.2_v_BG-2cpd_5nit_1.0.png,4cpd_5nit_0.2_v,2cpd_5nit_1.0,0.5037590265274048
2260314_163430,overlap_FG-4cpd_5nit_0.2_v_BG-4cpd_15nit_1.0.png,4cpd_5nit_0.2_v,4cpd_15nit_1.0,0.4099295139312744
2260314_163430,overlap_FG-4cpd_5nit_0.2_v_BG-4cpd_5nit_1.0.png,4cpd_5nit_0.2_v,4cpd_5nit_1.0,0.4688948392868042
2260314_163430,overlap_FG-4cpd_5nit_0.6_h_BG-2cpd_15nit_1.0.png,4cpd_5nit_0.6_h,2cpd_15nit_1.0,0.4319651126861572
2260314_163430,overlap_FG-4cpd_5nit_0.6_h_BG-2cpd_5nit_1.0.png,4cpd_5nit_0.6_h,2cpd_5nit_1.0,0.5141028761863708
2260314_163430,overlap_FG-4cpd_5nit_0.6_h_BG-4cpd_15nit_1.0.png,4cpd_5nit_0.6_h,4cpd_15nit_1.0,0.41665250062942505
2260314_163430,overlap_FG-4cpd_5nit_0.6_h_BG-4cpd_5nit_1.0.png,4cpd_5nit_0.6_h,4cpd_5nit_1.0,0.4775805175304413
2260314_163430,overlap_FG-4cpd_5nit_0.6_v_BG-2cpd_15nit_1.0.png,4cpd_5nit_0.6_v,2cpd_15nit_1.0,0.4325471520423889
2260314_163430,overlap_FG-4cpd_5nit_0.6_v_BG-2cpd_5nit_1.0.png,4cpd_5nit_0.6_v,2cpd_5nit_1.0,0.5146756768226624
2260314_163430,overlap_FG-4cpd_5nit_0.6_v_BG-4cpd_15nit_1.0.png,4cpd_5nit_0.6_v,4cpd_15nit_1.0,0.41595613956451416
2260314_163430,overlap_FG-4cpd_5nit_0.6_v_BG-4cpd_5nit_1.0.png,4cpd_5nit_0.6_v,4cpd_5nit_1.0,0.4771481454372406
2260314_163430,overlap_FG-4cpd_5nit_1.0_h_BG-2cpd_15nit_1.0.png,4cpd_5nit_1.0_h,2cpd_15nit_1.0,0.43743419647216797
2260314_163430,overlap_FG-4cpd_5nit_1.0_h_BG-2cpd_5nit_1.0.png,4cpd_5nit_1.0_h,2cpd_5nit_1.0,0.5214717984199524
2260314_163430,overlap_FG-4cpd_5nit_1.0_h_BG-4cpd_15nit_1.0.png,4cpd_5nit_1.0_h,4cpd_15nit_1.0,0.42080333828926086
2260314_163430,overlap_FG-4cpd_5nit_1.0_h_BG-4cpd_5nit_1.0.png,4cpd_5nit_1.0_h,4cpd_5nit_1.0,0.4836185574531555
2260314_163430,overlap_FG-4cpd_5nit_1.0_v_BG-2cpd_15nit_1.0.png,4cpd_5nit_1.0_v,2cpd_15nit_1.0,0.437921941280365
2260314_163430,overlap_FG-4cpd_5nit_1.0_v_BG-2cpd_5nit_1.0.png,4cpd_5nit_1.0_v,2cpd_5nit_1.0,0.5223825573921204
2260314_163430,overlap_FG-4cpd_5nit_1.0_v_BG-4cpd_15nit_1.0.png,4cpd_5nit_1.0_v,4cpd_15nit_1.0,0.4203747510910034
2260314_163430,overlap_FG-4cpd_5nit_1.0_v_BG-4cpd_5nit_1.0.png,4cpd_5nit_1.0_v,4cpd_5nit_1.0,0.48359429836273193
