Trial_ID,Block_ID,Within_Block_Order,Condition,Condition_Label,Plane_Mode,Viewing_Mode,Observed_Eye,Reference_Eye,Defocus_Mode,Disparity_Mode,Pair_ID,Difference_Group,Group_Rank,Global_Rank,Foreground_Texture_Class,Image_Win1,Image_Win2,Background_Path,Foreground_Path,Distance_FG(cm),Distance_BG(cm),Visual_Angle(deg),Disparity_Map_Path,Right_Visibility_Score,Left_Visibility_Score,Absolute_Score_Difference,Source_Result_Dir,Participant_Seed
1,1,1,DP_MONO_NONDOM,Dual Plane / non-dominant eye,dual,monocular,Left,Left,physical,physical,high_04,high,4,1,1,background_original.jpg,foreground_original.jpg,C:\Users\Hamada.MSI\Desktop\Hamada\lab\results\fukiage-disparity-selection\20260927_232818\high10\rank_04\background_original.jpg,C:\Users\Hamada.MSI\Desktop\Hamada\lab\results\fukiage-disparity-selection\20260927_232818\high10\rank_04\foreground_original.jpg,50.0,125.0,7.9,,0.24791790544986725,0.3198840618133545,0.07196615636348724,C:\Users\Hamada.MSI\Desktop\Hamada\lab\results\fukiage-disparity-selection\20260927_232818,215684269
2,1,2,DP_MONO_NONDOM,Dual Plane / non-dominant eye,dual,monocular,Left,Left,physical,physical,low_09,low,9,19,9,background_original.jpg,foreground_original.jpg,C:\Users\Hamada.MSI\Desktop\Hamada\lab\results\fukiage-disparity-selection\20260927_232818\low10\rank_09\background_original.jpg,C:\Users\Hamada.MSI\Desktop\Hamada\lab\results\fukiage-disparity-selection\20260927_232818\low10\rank_09\foreground_original.jpg,50.0,125.0,7.9,,0.3442278504371643,0.34422218799591064,5.662441253662109e-06,C:\Users\Hamada.MSI\Desktop\Hamada\lab\results\fukiage-disparity-selection\20260927_232818,215684269
3,1,3,DP_MONO_NONDOM,Dual Plane / non-dominant eye,dual,monocular,Left,Left,physical,physical,high_02,high,2,4,4,background_original.jpg,foreground_original.jpg,C:\Users\Hamada.MSI\Desktop\Hamada\lab\results\fukiage-disparity-selection\20260927_232818\high10\rank_02\background_original.jpg,C:\Users\Hamada.MSI\Desktop\Hamada\lab\results\fukiage-disparity-selection\20260927_232818\high10\rank_02\foreground_original.jpg,50.0,125.0,7.9,,0.43605631589889526,0.5486025810241699,0.11254626512527466,C:\Users\Hamada.MSI\Desktop\Hamada\lab\results\fukiage-disparity-selection\20260927_232818,215684269
4,1,4,DP_MONO_NONDOM,Dual Plane / non-dominant eye,dual,monocular,Left,Left,physical,physical,low_04,low,4,11,1,background_original.jpg,foreground_original.jpg,C:\Users\Hamada.MSI\Desktop\Hamada\lab\results\fukiage-disparity-selection\20260927_232818\low10\rank_04\background_original.jpg,C:\Users\Hamada.MSI\Desktop\Hamada\lab\results\fukiage-disparity-selection\20260927_232818\low10\rank_04\foreground_original.jpg,50.0,125.0,7.9,,0.3375016748905182,0.3375028669834137,1.1920928955078125e-06,C:\Users\Hamada.MSI\Desktop\Hamada\lab\results\fukiage-disparity-selection\20260927_232818,215684269
5,1,5,DP_MONO_NONDOM,Dual Plane / non-dominant eye,dual,monocular,Left,Left,physical,physical,high_08,high,8,5,5,background_original.jpg,foreground_original.jpg,C:\Users\Hamada.MSI\Desktop\Hamada\lab\results\fukiage-disparity-selection\20260927_232818\high10\rank_08\background_original.jpg,C:\Users\Hamada.MSI\Desktop\Hamada\lab\results\fukiage-disparity-selection\20260927_232818\high10\rank_08\foreground_original.jpg,50.0,125.0,7.9,,0.512742280960083,0.5708265900611877,0.058084309101104736,C:\Users\Hamada.MSI\Desktop\Hamada\lab\results\fukiage-disparity-selection\20260927_232818,215684269
6,1,6,DP_MONO_NONDOM,Dual Plane / non-dominant eye,dual,monocular,Left,Left,physical,physical,low_01,low,1,13,3,background_original.jpg,foreground_original.jpg,C:\Users\Hamada.MSI\Desktop\Hamada\lab\results\fukiage-disparity-selection\20260927_232818\low10\rank_01\background_original.jpg,C:\Users\Hamada.MSI\Desktop\Hamada\lab\results\fukiage-disparity-selection\20260927_232818\low10\rank_01\foreground_original.jpg,50.0,125.0,7.9,,0.4443390369415283,0.4443392753601074,2.384185791015625e-07,C:\Users\Hamada.MSI\Desktop\Hamada\lab\results\fukiage-disparity-selection\20260927_232818,215684269
7,1,7,DP_MONO_NONDOM,Dual Plane / non-dominant eye,dual,monocular,Left,Left,physical,physical,low_03,low,3,12,2,background_original.tif,foreground_original.jpg,C:\Users\Hamada.MSI\Desktop\Hamada\lab\results\fukiage-disparity-selection\20260927_232818\low10\rank_03\background_original.tif,C:\Users\Hamada.MSI\Desktop\Hamada\lab\results\fukiage-disparity-selection\20260927_232818\low10\rank_03\foreground_original.jpg,50.0,125.0,7.9,,0.21760128438472748,0.21760058403015137,7.003545761108398e-07,C:\Users\Hamada.MSI\Desktop\Hamada\lab\results\fukiage-disparity-selection\20260927_232818,215684269
8,1,8,DP_MONO_NONDOM,Dual Plane / non-dominant eye,dual,monocular,Left,Left,physical,physical,low_05,low,5,16,6,background_original.jpg,foreground_original.tif,C:\Users\Hamada.MSI\Desktop\Hamada\lab\results\fukiage-disparity-selection\20260927_232818\low10\rank_05\background_original.jpg,C:\Users\Hamada.MSI\Desktop\Hamada\lab\results\fukiage-disparity-selection\20260927_232818\low10\rank_05\foreground_original.tif,50.0,125.0,7.9,,0.45108848810195923,0.4510872960090637,1.1920928955078125e-06,C:\Users\Hamada.MSI\Desktop\Hamada\lab\results\fukiage-disparity-selection\20260927_232818,215684269
9,1,9,DP_MONO_NONDOM,Dual Plane / non-dominant eye,dual,monocular,Left,Left,physical,physical,high_09,high,9,9,9,background_original.jpg,foreground_original.jpg,C:\Users\Hamada.MSI\Desktop\Hamada\lab\results\fukiage-disparity-selection\20260927_232818\high10\rank_09\background_original.jpg,C:\Users\Hamada.MSI\Desktop\Hamada\lab\results\fukiage-disparity-selection\20260927_232818\high10\rank_09\foreground_original.jpg,50.0,125.0,7.9,,0.557012677192688,0.5015623569488525,0.05545032024383545,C:\Users\Hamada.MSI\Desktop\Hamada\lab\results\fukiage-disparity-selection\20260927_232818,215684269
10,1,10,DP_MONO_NONDOM,Dual Plane / non-dominant eye,dual,monocular,Left,Left,physical,physical,high_10,high,10,2,2,background_original.tif,foreground_original.jpg,C:\Users\Hamada.MSI\Desktop\Hamada\lab\results\fukiage-disparity-selection\20260927_232818\high10\rank_10\background_original.tif,C:\Users\Hamada.MSI\Desktop\Hamada\lab\results\fukiage-disparity-selection\20260927_232818\high10\rank_10\foreground_original.jpg,50.0,125.0,7.9,,0.24287566542625427,0.29630714654922485,0.05343148112297058,C:\Users\Hamada.MSI\Desktop\Hamada\lab\results\fukiage-disparity-selection\20260927_232818,215684269
11,1,11,DP_MONO_NONDOM,Dual Plane / non-dominant eye,dual,monocular,Left,Left,physical,physical,high_05,high,5,6,6,background_original.jpg,foreground_original.jpg,C:\Users\Hamada.MSI\Desktop\Hamada\lab\results\fukiage-disparity-selection\20260927_232818\high10\rank_05\background_original.jpg,C:\Users\Hamada.MSI\Desktop\Hamada\lab\results\fukiage-disparity-selection\20260927_232818\high10\rank_05\foreground_original.jpg,50.0,125.0,7.9,,0.6067410111427307,0.544508695602417,0.06223231554031372,C:\Users\Hamada.MSI\Desktop\Hamada\lab\results\fukiage-disparity-selection\20260927_232818,215684269
12,1,12,DP_MONO_NONDOM,Dual Plane / non-dominant eye,dual,monocular,Left,Left,physical,physical,low_07,low,7,18,8,background_original.jpg,foreground_original.jpg,C:\Users\Hamada.MSI\Desktop\Hamada\lab\results\fukiage-disparity-selection\20260927_232818\low10\rank_07\background_original.jpg,C:\Users\Hamada.MSI\Desktop\Hamada\lab\results\fukiage-disparity-selection\20260927_232818\low10\rank_07\foreground_original.jpg,50.0,125.0,7.9,,0.39720863103866577,0.3972059488296509,2.682209014892578e-06,C:\Users\Hamada.MSI\Desktop\Hamada\lab\results\fukiage-disparity-selection\20260927_232818,215684269
13,1,13,DP_MONO_NONDOM,Dual Plane / non-dominant eye,dual,monocular,Left,Left,physical,physical,low_10,low,10,20,10,background_original.tif,foreground_original.jpg,C:\Users\Hamada.MSI\Desktop\Hamada\lab\results\fukiage-disparity-selection\20260927_232818\low10\rank_10\background_original.tif,C:\Users\Hamada.MSI\Desktop\Hamada\lab\results\fukiage-disparity-selection\20260927_232818\low10\rank_10\foreground_original.jpg,50.0,125.0,7.9,,0.6096383929252625,0.6096483469009399,9.953975677490234e-06,C:\Users\Hamada.MSI\Desktop\Hamada\lab\results\fukiage-disparity-selection\20260927_232818,215684269
14,1,14,DP_MONO_NONDOM,Dual Plane / non-dominant eye,dual,monocular,Left,Left,physical,physical,high_06,high,6,8,8,background_original.jpg,foreground_original.jpg,C:\Users\Hamada.MSI\Desktop\Hamada\lab\results\fukiage-disparity-selection\20260927_232818\high10\rank_06\background_original.jpg,C:\Users\Hamada.MSI\Desktop\Hamada\lab\results\fukiage-disparity-selection\20260927_232818\high10\rank_06\foreground_original.jpg,50.0,125.0,7.9,,0.3820107579231262,0.44380486011505127,0.06179410219192505,C:\Users\Hamada.MSI\Desktop\Hamada\lab\results\fukiage-disparity-selection\20260927_232818,215684269
15,1,15,DP_MONO_NONDOM,Dual Plane / non-dominant eye,dual,monocular,Left,Left,physical,physical,low_08,low,8,17,7,background_original.jpg,foreground_original.jpg,C:\Users\Hamada.MSI\Desktop\Hamada\lab\results\fukiage-disparity-selection\20260927_232818\low10\rank_08\background_original.jpg,C:\Users\Hamada.MSI\Desktop\Hamada\lab\results\fukiage-disparity-selection\20260927_232818\low10\rank_08\foreground_original.jpg,50.0,125.0,7.9,,0.312269389629364,0.31226611137390137,3.2782554626464844e-06,C:\Users\Hamada.MSI\Desktop\Hamada\lab\results\fukiage-disparity-selection\20260927_232818,215684269
16,1,16,DP_MONO_NONDOM,Dual Plane / non-dominant eye,dual,monocular,Left,Left,physical,physical,high_07,high,7,7,7,background_original.jpg,foreground_original.jpg,C:\Users\Hamada.MSI\Desktop\Hamada\lab\results\fukiage-disparity-selection\20260927_232818\high10\rank_07\background_original.jpg,C:\Users\Hamada.MSI\Desktop\Hamada\lab\results\fukiage-disparity-selection\20260927_232818\high10\rank_07\foreground_original.jpg,50.0,125.0,7.9,,0.3965739905834198,0.45672109723091125,0.060147106647491455,C:\Users\Hamada.MSI\Desktop\Hamada\lab\results\fukiage-disparity-selection\20260927_232818,215684269
17,1,17,DP_MONO_NONDOM,Dual Plane / non-dominant eye,dual,monocular,Left,Left,physical,physical,high_03,high,3,3,3,background_original.jpg,foreground_original.jpg,C:\Users\Hamada.MSI\Desktop\Hamada\lab\results\fukiage-disparity-selection\20260927_232818\high10\rank_03\background_original.jpg,C:\Users\Hamada.MSI\Desktop\Hamada\lab\results\fukiage-disparity-selection\20260927_232818\high10\rank_03\foreground_original.jpg,50.0,125.0,7.9,,0.8785929679870605,0.7672635316848755,0.11132943630218506,C:\Users\Hamada.MSI\Desktop\Hamada\lab\results\fukiage-disparity-selection\20260927_232818,215684269
18,1,18,DP_MONO_NONDOM,Dual Plane / non-dominant eye,dual,monocular,Left,Left,physical,physical,low_02,low,2,14,4,background_original.tif,foreground_original.jpg,C:\Users\Hamada.MSI\Desktop\Hamada\lab\results\fukiage-disparity-selection\20260927_232818\low10\rank_02\background_original.tif,C:\Users\Hamada.MSI\Desktop\Hamada\lab\results\fukiage-disparity-selection\20260927_232818\low10\rank_02\foreground_original.jpg,50.0,125.0,7.9,,0.4603936970233917,0.46039432287216187,6.258487701416016e-07,C:\Users\Hamada.MSI\Desktop\Hamada\lab\results\fukiage-disparity-selection\20260927_232818,215684269
19,1,19,DP_MONO_NONDOM,Dual Plane / non-dominant eye,dual,monocular,Left,Left,physical,physical,low_06,low,6,15,5,background_original.jpg,foreground_original.jpg,C:\Users\Hamada.MSI\Desktop\Hamada\lab\results\fukiage-disparity-selection\20260927_232818\low10\rank_06\background_original.jpg,C:\Users\Hamada.MSI\Desktop\Hamada\lab\results\fukiage-disparity-selection\20260927_232818\low10\rank_06\foreground_original.jpg,50.0,125.0,7.9,,0.3144986927509308,0.3144969642162323,1.7285346984863281e-06,C:\Users\Hamada.MSI\Desktop\Hamada\lab\results\fukiage-disparity-selection\20260927_232818,215684269
20,1,20,DP_MONO_NONDOM,Dual Plane / non-dominant eye,dual,monocular,Left,Left,physical,physical,high_01,high,1,10,10,background_original.jpg,foreground_original.jpg,C:\Users\Hamada.MSI\Desktop\Hamada\lab\results\fukiage-disparity-selection\20260927_232818\high10\rank_01\background_original.jpg,C:\Users\Hamada.MSI\Desktop\Hamada\lab\results\fukiage-disparity-selection\20260927_232818\high10\rank_01\foreground_original.jpg,50.0,125.0,7.9,,0.6694945693016052,0.5395289063453674,0.1299656629562378,C:\Users\Hamada.MSI\Desktop\Hamada\lab\results\fukiage-disparity-selection\20260927_232818,215684269
21,2,1,DP_MONO_DOM,Dual Plane / dominant eye,dual,monocular,Right,Right,physical,physical,high_08,high,8,5,5,background_original.jpg,foreground_original.jpg,C:\Users\Hamada.MSI\Desktop\Hamada\lab\results\fukiage-disparity-selection\20260927_232818\high10\rank_08\background_original.jpg,C:\Users\Hamada.MSI\Desktop\Hamada\lab\results\fukiage-disparity-selection\20260927_232818\high10\rank_08\foreground_original.jpg,50.0,125.0,7.9,,0.512742280960083,0.5708265900611877,0.058084309101104736,C:\Users\Hamada.MSI\Desktop\Hamada\lab\results\fukiage-disparity-selection\20260927_232818,215684269
22,2,2,DP_MONO_DOM,Dual Plane / dominant eye,dual,monocular,Right,Right,physical,physical,low_09,low,9,19,9,background_original.jpg,foreground_original.jpg,C:\Users\Hamada.MSI\Desktop\Hamada\lab\results\fukiage-disparity-selection\20260927_232818\low10\rank_09\background_original.jpg,C:\Users\Hamada.MSI\Desktop\Hamada\lab\results\fukiage-disparity-selection\20260927_232818\low10\rank_09\foreground_original.jpg,50.0,125.0,7.9,,0.3442278504371643,0.34422218799591064,5.662441253662109e-06,C:\Users\Hamada.MSI\Desktop\Hamada\lab\results\fukiage-disparity-selection\20260927_232818,215684269
23,2,3,DP_MONO_DOM,Dual Plane / dominant eye,dual,monocular,Right,Right,physical,physical,high_10,high,10,2,2,background_original.tif,foreground_original.jpg,C:\Users\Hamada.MSI\Desktop\Hamada\lab\results\fukiage-disparity-selection\20260927_232818\high10\rank_10\background_original.tif,C:\Users\Hamada.MSI\Desktop\Hamada\lab\results\fukiage-disparity-selection\20260927_232818\high10\rank_10\foreground_original.jpg,50.0,125.0,7.9,,0.24287566542625427,0.29630714654922485,0.05343148112297058,C:\Users\Hamada.MSI\Desktop\Hamada\lab\results\fukiage-disparity-selection\20260927_232818,215684269
24,2,4,DP_MONO_DOM,Dual Plane / dominant eye,dual,monocular,Right,Right,physical,physical,high_04,high,4,1,1,background_original.jpg,foreground_original.jpg,C:\Users\Hamada.MSI\Desktop\Hamada\lab\results\fukiage-disparity-selection\20260927_232818\high10\rank_04\background_original.jpg,C:\Users\Hamada.MSI\Desktop\Hamada\lab\results\fukiage-disparity-selection\20260927_232818\high10\rank_04\foreground_original.jpg,50.0,125.0,7.9,,0.24791790544986725,0.3198840618133545,0.07196615636348724,C:\Users\Hamada.MSI\Desktop\Hamada\lab\results\fukiage-disparity-selection\20260927_232818,215684269
25,2,5,DP_MONO_DOM,Dual Plane / dominant eye,dual,monocular,Right,Right,physical,physical,low_08,low,8,17,7,background_original.jpg,foreground_original.jpg,C:\Users\Hamada.MSI\Desktop\Hamada\lab\results\fukiage-disparity-selection\20260927_232818\low10\rank_08\background_original.jpg,C:\Users\Hamada.MSI\Desktop\Hamada\lab\results\fukiage-disparity-selection\20260927_232818\low10\rank_08\foreground_original.jpg,50.0,125.0,7.9,,0.312269389629364,0.31226611137390137,3.2782554626464844e-06,C:\Users\Hamada.MSI\Desktop\Hamada\lab\results\fukiage-disparity-selection\20260927_232818,215684269
26,2,6,DP_MONO_DOM,Dual Plane / dominant eye,dual,monocular,Right,Right,physical,physical,low_01,low,1,13,3,background_original.jpg,foreground_original.jpg,C:\Users\Hamada.MSI\Desktop\Hamada\lab\results\fukiage-disparity-selection\20260927_232818\low10\rank_01\background_original.jpg,C:\Users\Hamada.MSI\Desktop\Hamada\lab\results\fukiage-disparity-selection\20260927_232818\low10\rank_01\foreground_original.jpg,50.0,125.0,7.9,,0.4443390369415283,0.4443392753601074,2.384185791015625e-07,C:\Users\Hamada.MSI\Desktop\Hamada\lab\results\fukiage-disparity-selection\20260927_232818,215684269
27,2,7,DP_MONO_DOM,Dual Plane / dominant eye,dual,monocular,Right,Right,physical,physical,low_06,low,6,15,5,background_original.jpg,foreground_original.jpg,C:\Users\Hamada.MSI\Desktop\Hamada\lab\results\fukiage-disparity-selection\20260927_232818\low10\rank_06\background_original.jpg,C:\Users\Hamada.MSI\Desktop\Hamada\lab\results\fukiage-disparity-selection\20260927_232818\low10\rank_06\foreground_original.jpg,50.0,125.0,7.9,,0.3144986927509308,0.3144969642162323,1.7285346984863281e-06,C:\Users\Hamada.MSI\Desktop\Hamada\lab\results\fukiage-disparity-selection\20260927_232818,215684269
28,2,8,DP_MONO_DOM,Dual Plane / dominant eye,dual,monocular,Right,Right,physical,physical,high_03,high,3,3,3,background_original.jpg,foreground_original.jpg,C:\Users\Hamada.MSI\Desktop\Hamada\lab\results\fukiage-disparity-selection\20260927_232818\high10\rank_03\background_original.jpg,C:\Users\Hamada.MSI\Desktop\Hamada\lab\results\fukiage-disparity-selection\20260927_232818\high10\rank_03\foreground_original.jpg,50.0,125.0,7.9,,0.8785929679870605,0.7672635316848755,0.11132943630218506,C:\Users\Hamada.MSI\Desktop\Hamada\lab\results\fukiage-disparity-selection\20260927_232818,215684269
29,2,9,DP_MONO_DOM,Dual Plane / dominant eye,dual,monocular,Right,Right,physical,physical,high_05,high,5,6,6,background_original.jpg,foreground_original.jpg,C:\Users\Hamada.MSI\Desktop\Hamada\lab\results\fukiage-disparity-selection\20260927_232818\high10\rank_05\background_original.jpg,C:\Users\Hamada.MSI\Desktop\Hamada\lab\results\fukiage-disparity-selection\20260927_232818\high10\rank_05\foreground_original.jpg,50.0,125.0,7.9,,0.6067410111427307,0.544508695602417,0.06223231554031372,C:\Users\Hamada.MSI\Desktop\Hamada\lab\results\fukiage-disparity-selection\20260927_232818,215684269
30,2,10,DP_MONO_DOM,Dual Plane / dominant eye,dual,monocular,Right,Right,physical,physical,low_07,low,7,18,8,background_original.jpg,foreground_original.jpg,C:\Users\Hamada.MSI\Desktop\Hamada\lab\results\fukiage-disparity-selection\20260927_232818\low10\rank_07\background_original.jpg,C:\Users\Hamada.MSI\Desktop\Hamada\lab\results\fukiage-disparity-selection\20260927_232818\low10\rank_07\foreground_original.jpg,50.0,125.0,7.9,,0.39720863103866577,0.3972059488296509,2.682209014892578e-06,C:\Users\Hamada.MSI\Desktop\Hamada\lab\results\fukiage-disparity-selection\20260927_232818,215684269
31,2,11,DP_MONO_DOM,Dual Plane / dominant eye,dual,monocular,Right,Right,physical,physical,high_07,high,7,7,7,background_original.jpg,foreground_original.jpg,C:\Users\Hamada.MSI\Desktop\Hamada\lab\results\fukiage-disparity-selection\20260927_232818\high10\rank_07\background_original.jpg,C:\Users\Hamada.MSI\Desktop\Hamada\lab\results\fukiage-disparity-selection\20260927_232818\high10\rank_07\foreground_original.jpg,50.0,125.0,7.9,,0.3965739905834198,0.45672109723091125,0.060147106647491455,C:\Users\Hamada.MSI\Desktop\Hamada\lab\results\fukiage-disparity-selection\20260927_232818,215684269
32,2,12,DP_MONO_DOM,Dual Plane / dominant eye,dual,monocular,Right,Right,physical,physical,low_04,low,4,11,1,background_original.jpg,foreground_original.jpg,C:\Users\Hamada.MSI\Desktop\Hamada\lab\results\fukiage-disparity-selection\20260927_232818\low10\rank_04\background_original.jpg,C:\Users\Hamada.MSI\Desktop\Hamada\lab\results\fukiage-disparity-selection\20260927_232818\low10\rank_04\foreground_original.jpg,50.0,125.0,7.9,,0.3375016748905182,0.3375028669834137,1.1920928955078125e-06,C:\Users\Hamada.MSI\Desktop\Hamada\lab\results\fukiage-disparity-selection\20260927_232818,215684269
33,2,13,DP_MONO_DOM,Dual Plane / dominant eye,dual,monocular,Right,Right,physical,physical,low_10,low,10,20,10,background_original.tif,foreground_original.jpg,C:\Users\Hamada.MSI\Desktop\Hamada\lab\results\fukiage-disparity-selection\20260927_232818\low10\rank_10\background_original.tif,C:\Users\Hamada.MSI\Desktop\Hamada\lab\results\fukiage-disparity-selection\20260927_232818\low10\rank_10\foreground_original.jpg,50.0,125.0,7.9,,0.6096383929252625,0.6096483469009399,9.953975677490234e-06,C:\Users\Hamada.MSI\Desktop\Hamada\lab\results\fukiage-disparity-selection\20260927_232818,215684269
34,2,14,DP_MONO_DOM,Dual Plane / dominant eye,dual,monocular,Right,Right,physical,physical,low_02,low,2,14,4,background_original.tif,foreground_original.jpg,C:\Users\Hamada.MSI\Desktop\Hamada\lab\results\fukiage-disparity-selection\20260927_232818\low10\rank_02\background_original.tif,C:\Users\Hamada.MSI\Desktop\Hamada\lab\results\fukiage-disparity-selection\20260927_232818\low10\rank_02\foreground_original.jpg,50.0,125.0,7.9,,0.4603936970233917,0.46039432287216187,6.258487701416016e-07,C:\Users\Hamada.MSI\Desktop\Hamada\lab\results\fukiage-disparity-selection\20260927_232818,215684269
35,2,15,DP_MONO_DOM,Dual Plane / dominant eye,dual,monocular,Right,Right,physical,physical,low_05,low,5,16,6,background_original.jpg,foreground_original.tif,C:\Users\Hamada.MSI\Desktop\Hamada\lab\results\fukiage-disparity-selection\20260927_232818\low10\rank_05\background_original.jpg,C:\Users\Hamada.MSI\Desktop\Hamada\lab\results\fukiage-disparity-selection\20260927_232818\low10\rank_05\foreground_original.tif,50.0,125.0,7.9,,0.45108848810195923,0.4510872960090637,1.1920928955078125e-06,C:\Users\Hamada.MSI\Desktop\Hamada\lab\results\fukiage-disparity-selection\20260927_232818,215684269
36,2,16,DP_MONO_DOM,Dual Plane / dominant eye,dual,monocular,Right,Right,physical,physical,high_06,high,6,8,8,background_original.jpg,foreground_original.jpg,C:\Users\Hamada.MSI\Desktop\Hamada\lab\results\fukiage-disparity-selection\20260927_232818\high10\rank_06\background_original.jpg,C:\Users\Hamada.MSI\Desktop\Hamada\lab\results\fukiage-disparity-selection\20260927_232818\high10\rank_06\foreground_original.jpg,50.0,125.0,7.9,,0.3820107579231262,0.44380486011505127,0.06179410219192505,C:\Users\Hamada.MSI\Desktop\Hamada\lab\results\fukiage-disparity-selection\20260927_232818,215684269
37,2,17,DP_MONO_DOM,Dual Plane / dominant eye,dual,monocular,Right,Right,physical,physical,low_03,low,3,12,2,background_original.tif,foreground_original.jpg,C:\Users\Hamada.MSI\Desktop\Hamada\lab\results\fukiage-disparity-selection\20260927_232818\low10\rank_03\background_original.tif,C:\Users\Hamada.MSI\Desktop\Hamada\lab\results\fukiage-disparity-selection\20260927_232818\low10\rank_03\foreground_original.jpg,50.0,125.0,7.9,,0.21760128438472748,0.21760058403015137,7.003545761108398e-07,C:\Users\Hamada.MSI\Desktop\Hamada\lab\results\fukiage-disparity-selection\20260927_232818,215684269
38,2,18,DP_MONO_DOM,Dual Plane / dominant eye,dual,monocular,Right,Right,physical,physical,high_02,high,2,4,4,background_original.jpg,foreground_original.jpg,C:\Users\Hamada.MSI\Desktop\Hamada\lab\results\fukiage-disparity-selection\20260927_232818\high10\rank_02\background_original.jpg,C:\Users\Hamada.MSI\Desktop\Hamada\lab\results\fukiage-disparity-selection\20260927_232818\high10\rank_02\foreground_original.jpg,50.0,125.0,7.9,,0.43605631589889526,0.5486025810241699,0.11254626512527466,C:\Users\Hamada.MSI\Desktop\Hamada\lab\results\fukiage-disparity-selection\20260927_232818,215684269
39,2,19,DP_MONO_DOM,Dual Plane / dominant eye,dual,monocular,Right,Right,physical,physical,high_09,high,9,9,9,background_original.jpg,foreground_original.jpg,C:\Users\Hamada.MSI\Desktop\Hamada\lab\results\fukiage-disparity-selection\20260927_232818\high10\rank_09\background_original.jpg,C:\Users\Hamada.MSI\Desktop\Hamada\lab\results\fukiage-disparity-selection\20260927_232818\high10\rank_09\foreground_original.jpg,50.0,125.0,7.9,,0.557012677192688,0.5015623569488525,0.05545032024383545,C:\Users\Hamada.MSI\Desktop\Hamada\lab\results\fukiage-disparity-selection\20260927_232818,215684269
40,2,20,DP_MONO_DOM,Dual Plane / dominant eye,dual,monocular,Right,Right,physical,physical,high_01,high,1,10,10,background_original.jpg,foreground_original.jpg,C:\Users\Hamada.MSI\Desktop\Hamada\lab\results\fukiage-disparity-selection\20260927_232818\high10\rank_01\background_original.jpg,C:\Users\Hamada.MSI\Desktop\Hamada\lab\results\fukiage-disparity-selection\20260927_232818\high10\rank_01\foreground_original.jpg,50.0,125.0,7.9,,0.6694945693016052,0.5395289063453674,0.1299656629562378,C:\Users\Hamada.MSI\Desktop\Hamada\lab\results\fukiage-disparity-selection\20260927_232818,215684269
41,3,1,SP_NO_DEFOCUS,Single Plane / no defocus,single,binocular,Both,Right,none,none,low_07,low,7,18,8,background_original.jpg,foreground_original.jpg,C:\Users\Hamada.MSI\Desktop\Hamada\lab\results\fukiage-disparity-selection\20260927_232818\low10\rank_07\background_original.jpg,C:\Users\Hamada.MSI\Desktop\Hamada\lab\results\fukiage-disparity-selection\20260927_232818\low10\rank_07\foreground_original.jpg,50.0,125.0,7.9,,0.39720863103866577,0.3972059488296509,2.682209014892578e-06,C:\Users\Hamada.MSI\Desktop\Hamada\lab\results\fukiage-disparity-selection\20260927_232818,215684269
42,3,2,SP_NO_DEFOCUS,Single Plane / no defocus,single,binocular,Both,Right,none,none,low_10,low,10,20,10,background_original.tif,foreground_original.jpg,C:\Users\Hamada.MSI\Desktop\Hamada\lab\results\fukiage-disparity-selection\20260927_232818\low10\rank_10\background_original.tif,C:\Users\Hamada.MSI\Desktop\Hamada\lab\results\fukiage-disparity-selection\20260927_232818\low10\rank_10\foreground_original.jpg,50.0,125.0,7.9,,0.6096383929252625,0.6096483469009399,9.953975677490234e-06,C:\Users\Hamada.MSI\Desktop\Hamada\lab\results\fukiage-disparity-selection\20260927_232818,215684269
43,3,3,SP_NO_DEFOCUS,Single Plane / no defocus,single,binocular,Both,Right,none,none,high_07,high,7,7,7,background_original.jpg,foreground_original.jpg,C:\Users\Hamada.MSI\Desktop\Hamada\lab\results\fukiage-disparity-selection\20260927_232818\high10\rank_07\background_original.jpg,C:\Users\Hamada.MSI\Desktop\Hamada\lab\results\fukiage-disparity-selection\20260927_232818\high10\rank_07\foreground_original.jpg,50.0,125.0,7.9,,0.3965739905834198,0.45672109723091125,0.060147106647491455,C:\Users\Hamada.MSI\Desktop\Hamada\lab\results\fukiage-disparity-selection\20260927_232818,215684269
44,3,4,SP_NO_DEFOCUS,Single Plane / no defocus,single,binocular,Both,Right,none,none,low_03,low,3,12,2,background_original.tif,foreground_original.jpg,C:\Users\Hamada.MSI\Desktop\Hamada\lab\results\fukiage-disparity-selection\20260927_232818\low10\rank_03\background_original.tif,C:\Users\Hamada.MSI\Desktop\Hamada\lab\results\fukiage-disparity-selection\20260927_232818\low10\rank_03\foreground_original.jpg,50.0,125.0,7.9,,0.21760128438472748,0.21760058403015137,7.003545761108398e-07,C:\Users\Hamada.MSI\Desktop\Hamada\lab\results\fukiage-disparity-selection\20260927_232818,215684269
45,3,5,SP_NO_DEFOCUS,Single Plane / no defocus,single,binocular,Both,Right,none,none,high_09,high,9,9,9,background_original.jpg,foreground_original.jpg,C:\Users\Hamada.MSI\Desktop\Hamada\lab\results\fukiage-disparity-selection\20260927_232818\high10\rank_09\background_original.jpg,C:\Users\Hamada.MSI\Desktop\Hamada\lab\results\fukiage-disparity-selection\20260927_232818\high10\rank_09\foreground_original.jpg,50.0,125.0,7.9,,0.557012677192688,0.5015623569488525,0.05545032024383545,C:\Users\Hamada.MSI\Desktop\Hamada\lab\results\fukiage-disparity-selection\20260927_232818,215684269
46,3,6,SP_NO_DEFOCUS,Single Plane / no defocus,single,binocular,Both,Right,none,none,high_06,high,6,8,8,background_original.jpg,foreground_original.jpg,C:\Users\Hamada.MSI\Desktop\Hamada\lab\results\fukiage-disparity-selection\20260927_232818\high10\rank_06\background_original.jpg,C:\Users\Hamada.MSI\Desktop\Hamada\lab\results\fukiage-disparity-selection\20260927_232818\high10\rank_06\foreground_original.jpg,50.0,125.0,7.9,,0.3820107579231262,0.44380486011505127,0.06179410219192505,C:\Users\Hamada.MSI\Desktop\Hamada\lab\results\fukiage-disparity-selection\20260927_232818,215684269
47,3,7,SP_NO_DEFOCUS,Single Plane / no defocus,single,binocular,Both,Right,none,none,low_05,low,5,16,6,background_original.jpg,foreground_original.tif,C:\Users\Hamada.MSI\Desktop\Hamada\lab\results\fukiage-disparity-selection\20260927_232818\low10\rank_05\background_original.jpg,C:\Users\Hamada.MSI\Desktop\Hamada\lab\results\fukiage-disparity-selection\20260927_232818\low10\rank_05\foreground_original.tif,50.0,125.0,7.9,,0.45108848810195923,0.4510872960090637,1.1920928955078125e-06,C:\Users\Hamada.MSI\Desktop\Hamada\lab\results\fukiage-disparity-selection\20260927_232818,215684269
48,3,8,SP_NO_DEFOCUS,Single Plane / no defocus,single,binocular,Both,Right,none,none,low_09,low,9,19,9,background_original.jpg,foreground_original.jpg,C:\Users\Hamada.MSI\Desktop\Hamada\lab\results\fukiage-disparity-selection\20260927_232818\low10\rank_09\background_original.jpg,C:\Users\Hamada.MSI\Desktop\Hamada\lab\results\fukiage-disparity-selection\20260927_232818\low10\rank_09\foreground_original.jpg,50.0,125.0,7.9,,0.3442278504371643,0.34422218799591064,5.662441253662109e-06,C:\Users\Hamada.MSI\Desktop\Hamada\lab\results\fukiage-disparity-selection\20260927_232818,215684269
49,3,9,SP_NO_DEFOCUS,Single Plane / no defocus,single,binocular,Both,Right,none,none,high_01,high,1,10,10,background_original.jpg,foreground_original.jpg,C:\Users\Hamada.MSI\Desktop\Hamada\lab\results\fukiage-disparity-selection\20260927_232818\high10\rank_01\background_original.jpg,C:\Users\Hamada.MSI\Desktop\Hamada\lab\results\fukiage-disparity-selection\20260927_232818\high10\rank_01\foreground_original.jpg,50.0,125.0,7.9,,0.6694945693016052,0.5395289063453674,0.1299656629562378,C:\Users\Hamada.MSI\Desktop\Hamada\lab\results\fukiage-disparity-selection\20260927_232818,215684269
50,3,10,SP_NO_DEFOCUS,Single Plane / no defocus,single,binocular,Both,Right,none,none,high_02,high,2,4,4,background_original.jpg,foreground_original.jpg,C:\Users\Hamada.MSI\Desktop\Hamada\lab\results\fukiage-disparity-selection\20260927_232818\high10\rank_02\background_original.jpg,C:\Users\Hamada.MSI\Desktop\Hamada\lab\results\fukiage-disparity-selection\20260927_232818\high10\rank_02\foreground_original.jpg,50.0,125.0,7.9,,0.43605631589889526,0.5486025810241699,0.11254626512527466,C:\Users\Hamada.MSI\Desktop\Hamada\lab\results\fukiage-disparity-selection\20260927_232818,215684269
51,3,11,SP_NO_DEFOCUS,Single Plane / no defocus,single,binocular,Both,Right,none,none,high_04,high,4,1,1,background_original.jpg,foreground_original.jpg,C:\Users\Hamada.MSI\Desktop\Hamada\lab\results\fukiage-disparity-selection\20260927_232818\high10\rank_04\background_original.jpg,C:\Users\Hamada.MSI\Desktop\Hamada\lab\results\fukiage-disparity-selection\20260927_232818\high10\rank_04\foreground_original.jpg,50.0,125.0,7.9,,0.24791790544986725,0.3198840618133545,0.07196615636348724,C:\Users\Hamada.MSI\Desktop\Hamada\lab\results\fukiage-disparity-selection\20260927_232818,215684269
52,3,12,SP_NO_DEFOCUS,Single Plane / no defocus,single,binocular,Both,Right,none,none,low_01,low,1,13,3,background_original.jpg,foreground_original.jpg,C:\Users\Hamada.MSI\Desktop\Hamada\lab\results\fukiage-disparity-selection\20260927_232818\low10\rank_01\background_original.jpg,C:\Users\Hamada.MSI\Desktop\Hamada\lab\results\fukiage-disparity-selection\20260927_232818\low10\rank_01\foreground_original.jpg,50.0,125.0,7.9,,0.4443390369415283,0.4443392753601074,2.384185791015625e-07,C:\Users\Hamada.MSI\Desktop\Hamada\lab\results\fukiage-disparity-selection\20260927_232818,215684269
53,3,13,SP_NO_DEFOCUS,Single Plane / no defocus,single,binocular,Both,Right,none,none,high_05,high,5,6,6,background_original.jpg,foreground_original.jpg,C:\Users\Hamada.MSI\Desktop\Hamada\lab\results\fukiage-disparity-selection\20260927_232818\high10\rank_05\background_original.jpg,C:\Users\Hamada.MSI\Desktop\Hamada\lab\results\fukiage-disparity-selection\20260927_232818\high10\rank_05\foreground_original.jpg,50.0,125.0,7.9,,0.6067410111427307,0.544508695602417,0.06223231554031372,C:\Users\Hamada.MSI\Desktop\Hamada\lab\results\fukiage-disparity-selection\20260927_232818,215684269
54,3,14,SP_NO_DEFOCUS,Single Plane / no defocus,single,binocular,Both,Right,none,none,high_10,high,10,2,2,background_original.tif,foreground_original.jpg,C:\Users\Hamada.MSI\Desktop\Hamada\lab\results\fukiage-disparity-selection\20260927_232818\high10\rank_10\background_original.tif,C:\Users\Hamada.MSI\Desktop\Hamada\lab\results\fukiage-disparity-selection\20260927_232818\high10\rank_10\foreground_original.jpg,50.0,125.0,7.9,,0.24287566542625427,0.29630714654922485,0.05343148112297058,C:\Users\Hamada.MSI\Desktop\Hamada\lab\results\fukiage-disparity-selection\20260927_232818,215684269
55,3,15,SP_NO_DEFOCUS,Single Plane / no defocus,single,binocular,Both,Right,none,none,low_04,low,4,11,1,background_original.jpg,foreground_original.jpg,C:\Users\Hamada.MSI\Desktop\Hamada\lab\results\fukiage-disparity-selection\20260927_232818\low10\rank_04\background_original.jpg,C:\Users\Hamada.MSI\Desktop\Hamada\lab\results\fukiage-disparity-selection\20260927_232818\low10\rank_04\foreground_original.jpg,50.0,125.0,7.9,,0.3375016748905182,0.3375028669834137,1.1920928955078125e-06,C:\Users\Hamada.MSI\Desktop\Hamada\lab\results\fukiage-disparity-selection\20260927_232818,215684269
56,3,16,SP_NO_DEFOCUS,Single Plane / no defocus,single,binocular,Both,Right,none,none,high_08,high,8,5,5,background_original.jpg,foreground_original.jpg,C:\Users\Hamada.MSI\Desktop\Hamada\lab\results\fukiage-disparity-selection\20260927_232818\high10\rank_08\background_original.jpg,C:\Users\Hamada.MSI\Desktop\Hamada\lab\results\fukiage-disparity-selection\20260927_232818\high10\rank_08\foreground_original.jpg,50.0,125.0,7.9,,0.512742280960083,0.5708265900611877,0.058084309101104736,C:\Users\Hamada.MSI\Desktop\Hamada\lab\results\fukiage-disparity-selection\20260927_232818,215684269
57,3,17,SP_NO_DEFOCUS,Single Plane / no defocus,single,binocular,Both,Right,none,none,low_02,low,2,14,4,background_original.tif,foreground_original.jpg,C:\Users\Hamada.MSI\Desktop\Hamada\lab\results\fukiage-disparity-selection\20260927_232818\low10\rank_02\background_original.tif,C:\Users\Hamada.MSI\Desktop\Hamada\lab\results\fukiage-disparity-selection\20260927_232818\low10\rank_02\foreground_original.jpg,50.0,125.0,7.9,,0.4603936970233917,0.46039432287216187,6.258487701416016e-07,C:\Users\Hamada.MSI\Desktop\Hamada\lab\results\fukiage-disparity-selection\20260927_232818,215684269
58,3,18,SP_NO_DEFOCUS,Single Plane / no defocus,single,binocular,Both,Right,none,none,low_06,low,6,15,5,background_original.jpg,foreground_original.jpg,C:\Users\Hamada.MSI\Desktop\Hamada\lab\results\fukiage-disparity-selection\20260927_232818\low10\rank_06\background_original.jpg,C:\Users\Hamada.MSI\Desktop\Hamada\lab\results\fukiage-disparity-selection\20260927_232818\low10\rank_06\foreground_original.jpg,50.0,125.0,7.9,,0.3144986927509308,0.3144969642162323,1.7285346984863281e-06,C:\Users\Hamada.MSI\Desktop\Hamada\lab\results\fukiage-disparity-selection\20260927_232818,215684269
59,3,19,SP_NO_DEFOCUS,Single Plane / no defocus,single,binocular,Both,Right,none,none,low_08,low,8,17,7,background_original.jpg,foreground_original.jpg,C:\Users\Hamada.MSI\Desktop\Hamada\lab\results\fukiage-disparity-selection\20260927_232818\low10\rank_08\background_original.jpg,C:\Users\Hamada.MSI\Desktop\Hamada\lab\results\fukiage-disparity-selection\20260927_232818\low10\rank_08\foreground_original.jpg,50.0,125.0,7.9,,0.312269389629364,0.31226611137390137,3.2782554626464844e-06,C:\Users\Hamada.MSI\Desktop\Hamada\lab\results\fukiage-disparity-selection\20260927_232818,215684269
60,3,20,SP_NO_DEFOCUS,Single Plane / no defocus,single,binocular,Both,Right,none,none,high_03,high,3,3,3,background_original.jpg,foreground_original.jpg,C:\Users\Hamada.MSI\Desktop\Hamada\lab\results\fukiage-disparity-selection\20260927_232818\high10\rank_03\background_original.jpg,C:\Users\Hamada.MSI\Desktop\Hamada\lab\results\fukiage-disparity-selection\20260927_232818\high10\rank_03\foreground_original.jpg,50.0,125.0,7.9,,0.8785929679870605,0.7672635316848755,0.11132943630218506,C:\Users\Hamada.MSI\Desktop\Hamada\lab\results\fukiage-disparity-selection\20260927_232818,215684269
61,4,1,DP_BINOCULAR,Dual Plane / binocular,dual,binocular,Both,Both,physical,physical,high_06,high,6,8,8,background_original.jpg,foreground_original.jpg,C:\Users\Hamada.MSI\Desktop\Hamada\lab\results\fukiage-disparity-selection\20260927_232818\high10\rank_06\background_original.jpg,C:\Users\Hamada.MSI\Desktop\Hamada\lab\results\fukiage-disparity-selection\20260927_232818\high10\rank_06\foreground_original.jpg,50.0,125.0,7.9,,0.3820107579231262,0.44380486011505127,0.06179410219192505,C:\Users\Hamada.MSI\Desktop\Hamada\lab\results\fukiage-disparity-selection\20260927_232818,215684269
62,4,2,DP_BINOCULAR,Dual Plane / binocular,dual,binocular,Both,Both,physical,physical,high_10,high,10,2,2,background_original.tif,foreground_original.jpg,C:\Users\Hamada.MSI\Desktop\Hamada\lab\results\fukiage-disparity-selection\20260927_232818\high10\rank_10\background_original.tif,C:\Users\Hamada.MSI\Desktop\Hamada\lab\results\fukiage-disparity-selection\20260927_232818\high10\rank_10\foreground_original.jpg,50.0,125.0,7.9,,0.24287566542625427,0.29630714654922485,0.05343148112297058,C:\Users\Hamada.MSI\Desktop\Hamada\lab\results\fukiage-disparity-selection\20260927_232818,215684269
63,4,3,DP_BINOCULAR,Dual Plane / binocular,dual,binocular,Both,Both,physical,physical,high_09,high,9,9,9,background_original.jpg,foreground_original.jpg,C:\Users\Hamada.MSI\Desktop\Hamada\lab\results\fukiage-disparity-selection\20260927_232818\high10\rank_09\background_original.jpg,C:\Users\Hamada.MSI\Desktop\Hamada\lab\results\fukiage-disparity-selection\20260927_232818\high10\rank_09\foreground_original.jpg,50.0,125.0,7.9,,0.557012677192688,0.5015623569488525,0.05545032024383545,C:\Users\Hamada.MSI\Desktop\Hamada\lab\results\fukiage-disparity-selection\20260927_232818,215684269
64,4,4,DP_BINOCULAR,Dual Plane / binocular,dual,binocular,Both,Both,physical,physical,low_02,low,2,14,4,background_original.tif,foreground_original.jpg,C:\Users\Hamada.MSI\Desktop\Hamada\lab\results\fukiage-disparity-selection\20260927_232818\low10\rank_02\background_original.tif,C:\Users\Hamada.MSI\Desktop\Hamada\lab\results\fukiage-disparity-selection\20260927_232818\low10\rank_02\foreground_original.jpg,50.0,125.0,7.9,,0.4603936970233917,0.46039432287216187,6.258487701416016e-07,C:\Users\Hamada.MSI\Desktop\Hamada\lab\results\fukiage-disparity-selection\20260927_232818,215684269
65,4,5,DP_BINOCULAR,Dual Plane / binocular,dual,binocular,Both,Both,physical,physical,low_09,low,9,19,9,background_original.jpg,foreground_original.jpg,C:\Users\Hamada.MSI\Desktop\Hamada\lab\results\fukiage-disparity-selection\20260927_232818\low10\rank_09\background_original.jpg,C:\Users\Hamada.MSI\Desktop\Hamada\lab\results\fukiage-disparity-selection\20260927_232818\low10\rank_09\foreground_original.jpg,50.0,125.0,7.9,,0.3442278504371643,0.34422218799591064,5.662441253662109e-06,C:\Users\Hamada.MSI\Desktop\Hamada\lab\results\fukiage-disparity-selection\20260927_232818,215684269
66,4,6,DP_BINOCULAR,Dual Plane / binocular,dual,binocular,Both,Both,physical,physical,high_01,high,1,10,10,background_original.jpg,foreground_original.jpg,C:\Users\Hamada.MSI\Desktop\Hamada\lab\results\fukiage-disparity-selection\20260927_232818\high10\rank_01\background_original.jpg,C:\Users\Hamada.MSI\Desktop\Hamada\lab\results\fukiage-disparity-selection\20260927_232818\high10\rank_01\foreground_original.jpg,50.0,125.0,7.9,,0.6694945693016052,0.5395289063453674,0.1299656629562378,C:\Users\Hamada.MSI\Desktop\Hamada\lab\results\fukiage-disparity-selection\20260927_232818,215684269
67,4,7,DP_BINOCULAR,Dual Plane / binocular,dual,binocular,Both,Both,physical,physical,high_02,high,2,4,4,background_original.jpg,foreground_original.jpg,C:\Users\Hamada.MSI\Desktop\Hamada\lab\results\fukiage-disparity-selection\20260927_232818\high10\rank_02\background_original.jpg,C:\Users\Hamada.MSI\Desktop\Hamada\lab\results\fukiage-disparity-selection\20260927_232818\high10\rank_02\foreground_original.jpg,50.0,125.0,7.9,,0.43605631589889526,0.5486025810241699,0.11254626512527466,C:\Users\Hamada.MSI\Desktop\Hamada\lab\results\fukiage-disparity-selection\20260927_232818,215684269
68,4,8,DP_BINOCULAR,Dual Plane / binocular,dual,binocular,Both,Both,physical,physical,low_08,low,8,17,7,background_original.jpg,foreground_original.jpg,C:\Users\Hamada.MSI\Desktop\Hamada\lab\results\fukiage-disparity-selection\20260927_232818\low10\rank_08\background_original.jpg,C:\Users\Hamada.MSI\Desktop\Hamada\lab\results\fukiage-disparity-selection\20260927_232818\low10\rank_08\foreground_original.jpg,50.0,125.0,7.9,,0.312269389629364,0.31226611137390137,3.2782554626464844e-06,C:\Users\Hamada.MSI\Desktop\Hamada\lab\results\fukiage-disparity-selection\20260927_232818,215684269
69,4,9,DP_BINOCULAR,Dual Plane / binocular,dual,binocular,Both,Both,physical,physical,low_05,low,5,16,6,background_original.jpg,foreground_original.tif,C:\Users\Hamada.MSI\Desktop\Hamada\lab\results\fukiage-disparity-selection\20260927_232818\low10\rank_05\background_original.jpg,C:\Users\Hamada.MSI\Desktop\Hamada\lab\results\fukiage-disparity-selection\20260927_232818\low10\rank_05\foreground_original.tif,50.0,125.0,7.9,,0.45108848810195923,0.4510872960090637,1.1920928955078125e-06,C:\Users\Hamada.MSI\Desktop\Hamada\lab\results\fukiage-disparity-selection\20260927_232818,215684269
70,4,10,DP_BINOCULAR,Dual Plane / binocular,dual,binocular,Both,Both,physical,physical,low_06,low,6,15,5,background_original.jpg,foreground_original.jpg,C:\Users\Hamada.MSI\Desktop\Hamada\lab\results\fukiage-disparity-selection\20260927_232818\low10\rank_06\background_original.jpg,C:\Users\Hamada.MSI\Desktop\Hamada\lab\results\fukiage-disparity-selection\20260927_232818\low10\rank_06\foreground_original.jpg,50.0,125.0,7.9,,0.3144986927509308,0.3144969642162323,1.7285346984863281e-06,C:\Users\Hamada.MSI\Desktop\Hamada\lab\results\fukiage-disparity-selection\20260927_232818,215684269
71,4,11,DP_BINOCULAR,Dual Plane / binocular,dual,binocular,Both,Both,physical,physical,high_03,high,3,3,3,background_original.jpg,foreground_original.jpg,C:\Users\Hamada.MSI\Desktop\Hamada\lab\results\fukiage-disparity-selection\20260927_232818\high10\rank_03\background_original.jpg,C:\Users\Hamada.MSI\Desktop\Hamada\lab\results\fukiage-disparity-selection\20260927_232818\high10\rank_03\foreground_original.jpg,50.0,125.0,7.9,,0.8785929679870605,0.7672635316848755,0.11132943630218506,C:\Users\Hamada.MSI\Desktop\Hamada\lab\results\fukiage-disparity-selection\20260927_232818,215684269
72,4,12,DP_BINOCULAR,Dual Plane / binocular,dual,binocular,Both,Both,physical,physical,high_07,high,7,7,7,background_original.jpg,foreground_original.jpg,C:\Users\Hamada.MSI\Desktop\Hamada\lab\results\fukiage-disparity-selection\20260927_232818\high10\rank_07\background_original.jpg,C:\Users\Hamada.MSI\Desktop\Hamada\lab\results\fukiage-disparity-selection\20260927_232818\high10\rank_07\foreground_original.jpg,50.0,125.0,7.9,,0.3965739905834198,0.45672109723091125,0.060147106647491455,C:\Users\Hamada.MSI\Desktop\Hamada\lab\results\fukiage-disparity-selection\20260927_232818,215684269
73,4,13,DP_BINOCULAR,Dual Plane / binocular,dual,binocular,Both,Both,physical,physical,low_01,low,1,13,3,background_original.jpg,foreground_original.jpg,C:\Users\Hamada.MSI\Desktop\Hamada\lab\results\fukiage-disparity-selection\20260927_232818\low10\rank_01\background_original.jpg,C:\Users\Hamada.MSI\Desktop\Hamada\lab\results\fukiage-disparity-selection\20260927_232818\low10\rank_01\foreground_original.jpg,50.0,125.0,7.9,,0.4443390369415283,0.4443392753601074,2.384185791015625e-07,C:\Users\Hamada.MSI\Desktop\Hamada\lab\results\fukiage-disparity-selection\20260927_232818,215684269
74,4,14,DP_BINOCULAR,Dual Plane / binocular,dual,binocular,Both,Both,physical,physical,low_10,low,10,20,10,background_original.tif,foreground_original.jpg,C:\Users\Hamada.MSI\Desktop\Hamada\lab\results\fukiage-disparity-selection\20260927_232818\low10\rank_10\background_original.tif,C:\Users\Hamada.MSI\Desktop\Hamada\lab\results\fukiage-disparity-selection\20260927_232818\low10\rank_10\foreground_original.jpg,50.0,125.0,7.9,,0.6096383929252625,0.6096483469009399,9.953975677490234e-06,C:\Users\Hamada.MSI\Desktop\Hamada\lab\results\fukiage-disparity-selection\20260927_232818,215684269
75,4,15,DP_BINOCULAR,Dual Plane / binocular,dual,binocular,Both,Both,physical,physical,low_04,low,4,11,1,background_original.jpg,foreground_original.jpg,C:\Users\Hamada.MSI\Desktop\Hamada\lab\results\fukiage-disparity-selection\20260927_232818\low10\rank_04\background_original.jpg,C:\Users\Hamada.MSI\Desktop\Hamada\lab\results\fukiage-disparity-selection\20260927_232818\low10\rank_04\foreground_original.jpg,50.0,125.0,7.9,,0.3375016748905182,0.3375028669834137,1.1920928955078125e-06,C:\Users\Hamada.MSI\Desktop\Hamada\lab\results\fukiage-disparity-selection\20260927_232818,215684269
76,4,16,DP_BINOCULAR,Dual Plane / binocular,dual,binocular,Both,Both,physical,physical,low_07,low,7,18,8,background_original.jpg,foreground_original.jpg,C:\Users\Hamada.MSI\Desktop\Hamada\lab\results\fukiage-disparity-selection\20260927_232818\low10\rank_07\background_original.jpg,C:\Users\Hamada.MSI\Desktop\Hamada\lab\results\fukiage-disparity-selection\20260927_232818\low10\rank_07\foreground_original.jpg,50.0,125.0,7.9,,0.39720863103866577,0.3972059488296509,2.682209014892578e-06,C:\Users\Hamada.MSI\Desktop\Hamada\lab\results\fukiage-disparity-selection\20260927_232818,215684269
77,4,17,DP_BINOCULAR,Dual Plane / binocular,dual,binocular,Both,Both,physical,physical,low_03,low,3,12,2,background_original.tif,foreground_original.jpg,C:\Users\Hamada.MSI\Desktop\Hamada\lab\results\fukiage-disparity-selection\20260927_232818\low10\rank_03\background_original.tif,C:\Users\Hamada.MSI\Desktop\Hamada\lab\results\fukiage-disparity-selection\20260927_232818\low10\rank_03\foreground_original.jpg,50.0,125.0,7.9,,0.21760128438472748,0.21760058403015137,7.003545761108398e-07,C:\Users\Hamada.MSI\Desktop\Hamada\lab\results\fukiage-disparity-selection\20260927_232818,215684269
78,4,18,DP_BINOCULAR,Dual Plane / binocular,dual,binocular,Both,Both,physical,physical,high_05,high,5,6,6,background_original.jpg,foreground_original.jpg,C:\Users\Hamada.MSI\Desktop\Hamada\lab\results\fukiage-disparity-selection\20260927_232818\high10\rank_05\background_original.jpg,C:\Users\Hamada.MSI\Desktop\Hamada\lab\results\fukiage-disparity-selection\20260927_232818\high10\rank_05\foreground_original.jpg,50.0,125.0,7.9,,0.6067410111427307,0.544508695602417,0.06223231554031372,C:\Users\Hamada.MSI\Desktop\Hamada\lab\results\fukiage-disparity-selection\20260927_232818,215684269
79,4,19,DP_BINOCULAR,Dual Plane / binocular,dual,binocular,Both,Both,physical,physical,high_08,high,8,5,5,background_original.jpg,foreground_original.jpg,C:\Users\Hamada.MSI\Desktop\Hamada\lab\results\fukiage-disparity-selection\20260927_232818\high10\rank_08\background_original.jpg,C:\Users\Hamada.MSI\Desktop\Hamada\lab\results\fukiage-disparity-selection\20260927_232818\high10\rank_08\foreground_original.jpg,50.0,125.0,7.9,,0.512742280960083,0.5708265900611877,0.058084309101104736,C:\Users\Hamada.MSI\Desktop\Hamada\lab\results\fukiage-disparity-selection\20260927_232818,215684269
80,4,20,DP_BINOCULAR,Dual Plane / binocular,dual,binocular,Both,Both,physical,physical,high_04,high,4,1,1,background_original.jpg,foreground_original.jpg,C:\Users\Hamada.MSI\Desktop\Hamada\lab\results\fukiage-disparity-selection\20260927_232818\high10\rank_04\background_original.jpg,C:\Users\Hamada.MSI\Desktop\Hamada\lab\results\fukiage-disparity-selection\20260927_232818\high10\rank_04\foreground_original.jpg,50.0,125.0,7.9,,0.24791790544986725,0.3198840618133545,0.07196615636348724,C:\Users\Hamada.MSI\Desktop\Hamada\lab\results\fukiage-disparity-selection\20260927_232818,215684269
81,5,1,SP_DEFOCUS_SIMPLE,Single Plane / defocus + simple disparity,single,binocular,Both,Both,matched_simulation,simple,high_03,high,3,3,3,background_original.jpg,foreground_original.jpg,C:\Users\Hamada.MSI\Desktop\Hamada\lab\results\fukiage-disparity-selection\20260927_232818\high10\rank_03\background_original.jpg,C:\Users\Hamada.MSI\Desktop\Hamada\lab\results\fukiage-disparity-selection\20260927_232818\high10\rank_03\foreground_original.jpg,50.0,125.0,7.9,,0.8785929679870605,0.7672635316848755,0.11132943630218506,C:\Users\Hamada.MSI\Desktop\Hamada\lab\results\fukiage-disparity-selection\20260927_232818,215684269
82,5,2,SP_DEFOCUS_SIMPLE,Single Plane / defocus + simple disparity,single,binocular,Both,Both,matched_simulation,simple,low_10,low,10,20,10,background_original.tif,foreground_original.jpg,C:\Users\Hamada.MSI\Desktop\Hamada\lab\results\fukiage-disparity-selection\20260927_232818\low10\rank_10\background_original.tif,C:\Users\Hamada.MSI\Desktop\Hamada\lab\results\fukiage-disparity-selection\20260927_232818\low10\rank_10\foreground_original.jpg,50.0,125.0,7.9,,0.6096383929252625,0.6096483469009399,9.953975677490234e-06,C:\Users\Hamada.MSI\Desktop\Hamada\lab\results\fukiage-disparity-selection\20260927_232818,215684269
83,5,3,SP_DEFOCUS_SIMPLE,Single Plane / defocus + simple disparity,single,binocular,Both,Both,matched_simulation,simple,low_07,low,7,18,8,background_original.jpg,foreground_original.jpg,C:\Users\Hamada.MSI\Desktop\Hamada\lab\results\fukiage-disparity-selection\20260927_232818\low10\rank_07\background_original.jpg,C:\Users\Hamada.MSI\Desktop\Hamada\lab\results\fukiage-disparity-selection\20260927_232818\low10\rank_07\foreground_original.jpg,50.0,125.0,7.9,,0.39720863103866577,0.3972059488296509,2.682209014892578e-06,C:\Users\Hamada.MSI\Desktop\Hamada\lab\results\fukiage-disparity-selection\20260927_232818,215684269
84,5,4,SP_DEFOCUS_SIMPLE,Single Plane / defocus + simple disparity,single,binocular,Both,Both,matched_simulation,simple,low_02,low,2,14,4,background_original.tif,foreground_original.jpg,C:\Users\Hamada.MSI\Desktop\Hamada\lab\results\fukiage-disparity-selection\20260927_232818\low10\rank_02\background_original.tif,C:\Users\Hamada.MSI\Desktop\Hamada\lab\results\fukiage-disparity-selection\20260927_232818\low10\rank_02\foreground_original.jpg,50.0,125.0,7.9,,0.4603936970233917,0.46039432287216187,6.258487701416016e-07,C:\Users\Hamada.MSI\Desktop\Hamada\lab\results\fukiage-disparity-selection\20260927_232818,215684269
85,5,5,SP_DEFOCUS_SIMPLE,Single Plane / defocus + simple disparity,single,binocular,Both,Both,matched_simulation,simple,low_06,low,6,15,5,background_original.jpg,foreground_original.jpg,C:\Users\Hamada.MSI\Desktop\Hamada\lab\results\fukiage-disparity-selection\20260927_232818\low10\rank_06\background_original.jpg,C:\Users\Hamada.MSI\Desktop\Hamada\lab\results\fukiage-disparity-selection\20260927_232818\low10\rank_06\foreground_original.jpg,50.0,125.0,7.9,,0.3144986927509308,0.3144969642162323,1.7285346984863281e-06,C:\Users\Hamada.MSI\Desktop\Hamada\lab\results\fukiage-disparity-selection\20260927_232818,215684269
86,5,6,SP_DEFOCUS_SIMPLE,Single Plane / defocus + simple disparity,single,binocular,Both,Both,matched_simulation,simple,high_08,high,8,5,5,background_original.jpg,foreground_original.jpg,C:\Users\Hamada.MSI\Desktop\Hamada\lab\results\fukiage-disparity-selection\20260927_232818\high10\rank_08\background_original.jpg,C:\Users\Hamada.MSI\Desktop\Hamada\lab\results\fukiage-disparity-selection\20260927_232818\high10\rank_08\foreground_original.jpg,50.0,125.0,7.9,,0.512742280960083,0.5708265900611877,0.058084309101104736,C:\Users\Hamada.MSI\Desktop\Hamada\lab\results\fukiage-disparity-selection\20260927_232818,215684269
87,5,7,SP_DEFOCUS_SIMPLE,Single Plane / defocus + simple disparity,single,binocular,Both,Both,matched_simulation,simple,high_10,high,10,2,2,background_original.tif,foreground_original.jpg,C:\Users\Hamada.MSI\Desktop\Hamada\lab\results\fukiage-disparity-selection\20260927_232818\high10\rank_10\background_original.tif,C:\Users\Hamada.MSI\Desktop\Hamada\lab\results\fukiage-disparity-selection\20260927_232818\high10\rank_10\foreground_original.jpg,50.0,125.0,7.9,,0.24287566542625427,0.29630714654922485,0.05343148112297058,C:\Users\Hamada.MSI\Desktop\Hamada\lab\results\fukiage-disparity-selection\20260927_232818,215684269
88,5,8,SP_DEFOCUS_SIMPLE,Single Plane / defocus + simple disparity,single,binocular,Both,Both,matched_simulation,simple,high_04,high,4,1,1,background_original.jpg,foreground_original.jpg,C:\Users\Hamada.MSI\Desktop\Hamada\lab\results\fukiage-disparity-selection\20260927_232818\high10\rank_04\background_original.jpg,C:\Users\Hamada.MSI\Desktop\Hamada\lab\results\fukiage-disparity-selection\20260927_232818\high10\rank_04\foreground_original.jpg,50.0,125.0,7.9,,0.24791790544986725,0.3198840618133545,0.07196615636348724,C:\Users\Hamada.MSI\Desktop\Hamada\lab\results\fukiage-disparity-selection\20260927_232818,215684269
89,5,9,SP_DEFOCUS_SIMPLE,Single Plane / defocus + simple disparity,single,binocular,Both,Both,matched_simulation,simple,high_07,high,7,7,7,background_original.jpg,foreground_original.jpg,C:\Users\Hamada.MSI\Desktop\Hamada\lab\results\fukiage-disparity-selection\20260927_232818\high10\rank_07\background_original.jpg,C:\Users\Hamada.MSI\Desktop\Hamada\lab\results\fukiage-disparity-selection\20260927_232818\high10\rank_07\foreground_original.jpg,50.0,125.0,7.9,,0.3965739905834198,0.45672109723091125,0.060147106647491455,C:\Users\Hamada.MSI\Desktop\Hamada\lab\results\fukiage-disparity-selection\20260927_232818,215684269
90,5,10,SP_DEFOCUS_SIMPLE,Single Plane / defocus + simple disparity,single,binocular,Both,Both,matched_simulation,simple,low_05,low,5,16,6,background_original.jpg,foreground_original.tif,C:\Users\Hamada.MSI\Desktop\Hamada\lab\results\fukiage-disparity-selection\20260927_232818\low10\rank_05\background_original.jpg,C:\Users\Hamada.MSI\Desktop\Hamada\lab\results\fukiage-disparity-selection\20260927_232818\low10\rank_05\foreground_original.tif,50.0,125.0,7.9,,0.45108848810195923,0.4510872960090637,1.1920928955078125e-06,C:\Users\Hamada.MSI\Desktop\Hamada\lab\results\fukiage-disparity-selection\20260927_232818,215684269
91,5,11,SP_DEFOCUS_SIMPLE,Single Plane / defocus + simple disparity,single,binocular,Both,Both,matched_simulation,simple,high_02,high,2,4,4,background_original.jpg,foreground_original.jpg,C:\Users\Hamada.MSI\Desktop\Hamada\lab\results\fukiage-disparity-selection\20260927_232818\high10\rank_02\background_original.jpg,C:\Users\Hamada.MSI\Desktop\Hamada\lab\results\fukiage-disparity-selection\20260927_232818\high10\rank_02\foreground_original.jpg,50.0,125.0,7.9,,0.43605631589889526,0.5486025810241699,0.11254626512527466,C:\Users\Hamada.MSI\Desktop\Hamada\lab\results\fukiage-disparity-selection\20260927_232818,215684269
92,5,12,SP_DEFOCUS_SIMPLE,Single Plane / defocus + simple disparity,single,binocular,Both,Both,matched_simulation,simple,low_08,low,8,17,7,background_original.jpg,foreground_original.jpg,C:\Users\Hamada.MSI\Desktop\Hamada\lab\results\fukiage-disparity-selection\20260927_232818\low10\rank_08\background_original.jpg,C:\Users\Hamada.MSI\Desktop\Hamada\lab\results\fukiage-disparity-selection\20260927_232818\low10\rank_08\foreground_original.jpg,50.0,125.0,7.9,,0.312269389629364,0.31226611137390137,3.2782554626464844e-06,C:\Users\Hamada.MSI\Desktop\Hamada\lab\results\fukiage-disparity-selection\20260927_232818,215684269
93,5,13,SP_DEFOCUS_SIMPLE,Single Plane / defocus + simple disparity,single,binocular,Both,Both,matched_simulation,simple,high_06,high,6,8,8,background_original.jpg,foreground_original.jpg,C:\Users\Hamada.MSI\Desktop\Hamada\lab\results\fukiage-disparity-selection\20260927_232818\high10\rank_06\background_original.jpg,C:\Users\Hamada.MSI\Desktop\Hamada\lab\results\fukiage-disparity-selection\20260927_232818\high10\rank_06\foreground_original.jpg,50.0,125.0,7.9,,0.3820107579231262,0.44380486011505127,0.06179410219192505,C:\Users\Hamada.MSI\Desktop\Hamada\lab\results\fukiage-disparity-selection\20260927_232818,215684269
94,5,14,SP_DEFOCUS_SIMPLE,Single Plane / defocus + simple disparity,single,binocular,Both,Both,matched_simulation,simple,low_03,low,3,12,2,background_original.tif,foreground_original.jpg,C:\Users\Hamada.MSI\Desktop\Hamada\lab\results\fukiage-disparity-selection\20260927_232818\low10\rank_03\background_original.tif,C:\Users\Hamada.MSI\Desktop\Hamada\lab\results\fukiage-disparity-selection\20260927_232818\low10\rank_03\foreground_original.jpg,50.0,125.0,7.9,,0.21760128438472748,0.21760058403015137,7.003545761108398e-07,C:\Users\Hamada.MSI\Desktop\Hamada\lab\results\fukiage-disparity-selection\20260927_232818,215684269
95,5,15,SP_DEFOCUS_SIMPLE,Single Plane / defocus + simple disparity,single,binocular,Both,Both,matched_simulation,simple,high_01,high,1,10,10,background_original.jpg,foreground_original.jpg,C:\Users\Hamada.MSI\Desktop\Hamada\lab\results\fukiage-disparity-selection\20260927_232818\high10\rank_01\background_original.jpg,C:\Users\Hamada.MSI\Desktop\Hamada\lab\results\fukiage-disparity-selection\20260927_232818\high10\rank_01\foreground_original.jpg,50.0,125.0,7.9,,0.6694945693016052,0.5395289063453674,0.1299656629562378,C:\Users\Hamada.MSI\Desktop\Hamada\lab\results\fukiage-disparity-selection\20260927_232818,215684269
96,5,16,SP_DEFOCUS_SIMPLE,Single Plane / defocus + simple disparity,single,binocular,Both,Both,matched_simulation,simple,low_01,low,1,13,3,background_original.jpg,foreground_original.jpg,C:\Users\Hamada.MSI\Desktop\Hamada\lab\results\fukiage-disparity-selection\20260927_232818\low10\rank_01\background_original.jpg,C:\Users\Hamada.MSI\Desktop\Hamada\lab\results\fukiage-disparity-selection\20260927_232818\low10\rank_01\foreground_original.jpg,50.0,125.0,7.9,,0.4443390369415283,0.4443392753601074,2.384185791015625e-07,C:\Users\Hamada.MSI\Desktop\Hamada\lab\results\fukiage-disparity-selection\20260927_232818,215684269
97,5,17,SP_DEFOCUS_SIMPLE,Single Plane / defocus + simple disparity,single,binocular,Both,Both,matched_simulation,simple,low_09,low,9,19,9,background_original.jpg,foreground_original.jpg,C:\Users\Hamada.MSI\Desktop\Hamada\lab\results\fukiage-disparity-selection\20260927_232818\low10\rank_09\background_original.jpg,C:\Users\Hamada.MSI\Desktop\Hamada\lab\results\fukiage-disparity-selection\20260927_232818\low10\rank_09\foreground_original.jpg,50.0,125.0,7.9,,0.3442278504371643,0.34422218799591064,5.662441253662109e-06,C:\Users\Hamada.MSI\Desktop\Hamada\lab\results\fukiage-disparity-selection\20260927_232818,215684269
98,5,18,SP_DEFOCUS_SIMPLE,Single Plane / defocus + simple disparity,single,binocular,Both,Both,matched_simulation,simple,high_09,high,9,9,9,background_original.jpg,foreground_original.jpg,C:\Users\Hamada.MSI\Desktop\Hamada\lab\results\fukiage-disparity-selection\20260927_232818\high10\rank_09\background_original.jpg,C:\Users\Hamada.MSI\Desktop\Hamada\lab\results\fukiage-disparity-selection\20260927_232818\high10\rank_09\foreground_original.jpg,50.0,125.0,7.9,,0.557012677192688,0.5015623569488525,0.05545032024383545,C:\Users\Hamada.MSI\Desktop\Hamada\lab\results\fukiage-disparity-selection\20260927_232818,215684269
99,5,19,SP_DEFOCUS_SIMPLE,Single Plane / defocus + simple disparity,single,binocular,Both,Both,matched_simulation,simple,high_05,high,5,6,6,background_original.jpg,foreground_original.jpg,C:\Users\Hamada.MSI\Desktop\Hamada\lab\results\fukiage-disparity-selection\20260927_232818\high10\rank_05\background_original.jpg,C:\Users\Hamada.MSI\Desktop\Hamada\lab\results\fukiage-disparity-selection\20260927_232818\high10\rank_05\foreground_original.jpg,50.0,125.0,7.9,,0.6067410111427307,0.544508695602417,0.06223231554031372,C:\Users\Hamada.MSI\Desktop\Hamada\lab\results\fukiage-disparity-selection\20260927_232818,215684269
100,5,20,SP_DEFOCUS_SIMPLE,Single Plane / defocus + simple disparity,single,binocular,Both,Both,matched_simulation,simple,low_04,low,4,11,1,background_original.jpg,foreground_original.jpg,C:\Users\Hamada.MSI\Desktop\Hamada\lab\results\fukiage-disparity-selection\20260927_232818\low10\rank_04\background_original.jpg,C:\Users\Hamada.MSI\Desktop\Hamada\lab\results\fukiage-disparity-selection\20260927_232818\low10\rank_04\foreground_original.jpg,50.0,125.0,7.9,,0.3375016748905182,0.3375028669834137,1.1920928955078125e-06,C:\Users\Hamada.MSI\Desktop\Hamada\lab\results\fukiage-disparity-selection\20260927_232818,215684269
