ID,Session_Type,Ref_Contrast,Orientation,Ocularity,Condition,Trial_Count,Mean_Log10_AR,Geometric_Mean_AR,Participant_Aggregation,Session_Timestamp,Session_Dir,Source_CSV
0,experiment,0.1,0.0,binocular,Dual plane,5,-0.9208061158825311,0.12000349207855715,mean_of_log10_trials,20260824_162125,C:\Users\Hamada.MSI\Desktop\Hamada\lab\results\tables\main-experiment-matching\experiment\0_20260824_162125,C:\Users\Hamada.MSI\Desktop\Hamada\lab\results\tables\main-experiment-matching\experiment\0_20260824_162125\contrast_matching.csv
0,experiment,0.1,0.0,binocular,Dual plane flat,5,-0.9581042253456546,0.11012749853446287,mean_of_log10_trials,20260824_162125,C:\Users\Hamada.MSI\Desktop\Hamada\lab\results\tables\main-experiment-matching\experiment\0_20260824_162125,C:\Users\Hamada.MSI\Desktop\Hamada\lab\results\tables\main-experiment-matching\experiment\0_20260824_162125\contrast_matching.csv
0,experiment,0.1,0.0,binocular,Single plane,5,-0.573143466549007,0.26721235430350976,mean_of_log10_trials,20260824_162125,C:\Users\Hamada.MSI\Desktop\Hamada\lab\results\tables\main-experiment-matching\experiment\0_20260824_162125,C:\Users\Hamada.MSI\Desktop\Hamada\lab\results\tables\main-experiment-matching\experiment\0_20260824_162125\contrast_matching.csv
0,experiment,0.1,0.0,binocular,Single plane + defocus simulation,5,-0.7891558436830952,0.1624965543050402,mean_of_log10_trials,20260824_162125,C:\Users\Hamada.MSI\Desktop\Hamada\lab\results\tables\main-experiment-matching\experiment\0_20260824_162125,C:\Users\Hamada.MSI\Desktop\Hamada\lab\results\tables\main-experiment-matching\experiment\0_20260824_162125\contrast_matching.csv
0,experiment,0.1,0.0,monocular,Dual plane,5,-0.8744760899517386,0.13351310930754404,mean_of_log10_trials,20260824_162125,C:\Users\Hamada.MSI\Desktop\Hamada\lab\results\tables\main-experiment-matching\experiment\0_20260824_162125,C:\Users\Hamada.MSI\Desktop\Hamada\lab\results\tables\main-experiment-matching\experiment\0_20260824_162125\contrast_matching.csv
0,experiment,0.1,0.0,monocular,Dual plane flat,5,-0.9902921005261852,0.1022604970818456,mean_of_log10_trials,20260824_162125,C:\Users\Hamada.MSI\Desktop\Hamada\lab\results\tables\main-experiment-matching\experiment\0_20260824_162125,C:\Users\Hamada.MSI\Desktop\Hamada\lab\results\tables\main-experiment-matching\experiment\0_20260824_162125\contrast_matching.csv
0,experiment,0.1,0.0,monocular,Single plane,5,-0.598842699568641,0.2518588989534424,mean_of_log10_trials,20260824_162125,C:\Users\Hamada.MSI\Desktop\Hamada\lab\results\tables\main-experiment-matching\experiment\0_20260824_162125,C:\Users\Hamada.MSI\Desktop\Hamada\lab\results\tables\main-experiment-matching\experiment\0_20260824_162125\contrast_matching.csv
0,experiment,0.1,0.0,monocular,Single plane + defocus simulation,5,-0.7932424714443591,0.1609746644769946,mean_of_log10_trials,20260824_162125,C:\Users\Hamada.MSI\Desktop\Hamada\lab\results\tables\main-experiment-matching\experiment\0_20260824_162125,C:\Users\Hamada.MSI\Desktop\Hamada\lab\results\tables\main-experiment-matching\experiment\0_20260824_162125\contrast_matching.csv
0,experiment,0.2,0.0,binocular,Dual plane,5,-0.6999220237457823,0.1995620590415742,mean_of_log10_trials,20260824_162125,C:\Users\Hamada.MSI\Desktop\Hamada\lab\results\tables\main-experiment-matching\experiment\0_20260824_162125,C:\Users\Hamada.MSI\Desktop\Hamada\lab\results\tables\main-experiment-matching\experiment\0_20260824_162125\contrast_matching.csv
0,experiment,0.2,0.0,binocular,Dual plane flat,5,-0.6657561983230684,0.21589560510537553,mean_of_log10_trials,20260824_162125,C:\Users\Hamada.MSI\Desktop\Hamada\lab\results\tables\main-experiment-matching\experiment\0_20260824_162125,C:\Users\Hamada.MSI\Desktop\Hamada\lab\results\tables\main-experiment-matching\experiment\0_20260824_162125\contrast_matching.csv
0,experiment,0.2,0.0,binocular,Single plane,5,-0.5198914174776643,0.30207068646297763,mean_of_log10_trials,20260824_162125,C:\Users\Hamada.MSI\Desktop\Hamada\lab\results\tables\main-experiment-matching\experiment\0_20260824_162125,C:\Users\Hamada.MSI\Desktop\Hamada\lab\results\tables\main-experiment-matching\experiment\0_20260824_162125\contrast_matching.csv
0,experiment,0.2,0.0,binocular,Single plane + defocus simulation,5,-0.6642826551241976,0.21662937407612984,mean_of_log10_trials,20260824_162125,C:\Users\Hamada.MSI\Desktop\Hamada\lab\results\tables\main-experiment-matching\experiment\0_20260824_162125,C:\Users\Hamada.MSI\Desktop\Hamada\lab\results\tables\main-experiment-matching\experiment\0_20260824_162125\contrast_matching.csv
0,experiment,0.2,0.0,monocular,Dual plane,5,-0.7226117719603226,0.18940359940928472,mean_of_log10_trials,20260824_162125,C:\Users\Hamada.MSI\Desktop\Hamada\lab\results\tables\main-experiment-matching\experiment\0_20260824_162125,C:\Users\Hamada.MSI\Desktop\Hamada\lab\results\tables\main-experiment-matching\experiment\0_20260824_162125\contrast_matching.csv
0,experiment,0.2,0.0,monocular,Dual plane flat,5,-0.6943244889145486,0.20215082174546484,mean_of_log10_trials,20260824_162125,C:\Users\Hamada.MSI\Desktop\Hamada\lab\results\tables\main-experiment-matching\experiment\0_20260824_162125,C:\Users\Hamada.MSI\Desktop\Hamada\lab\results\tables\main-experiment-matching\experiment\0_20260824_162125\contrast_matching.csv
0,experiment,0.2,0.0,monocular,Single plane,5,-0.4951852489334246,0.31975309073715447,mean_of_log10_trials,20260824_162125,C:\Users\Hamada.MSI\Desktop\Hamada\lab\results\tables\main-experiment-matching\experiment\0_20260824_162125,C:\Users\Hamada.MSI\Desktop\Hamada\lab\results\tables\main-experiment-matching\experiment\0_20260824_162125\contrast_matching.csv
0,experiment,0.2,0.0,monocular,Single plane + defocus simulation,5,-0.6579374426685834,0.2198176483188852,mean_of_log10_trials,20260824_162125,C:\Users\Hamada.MSI\Desktop\Hamada\lab\results\tables\main-experiment-matching\experiment\0_20260824_162125,C:\Users\Hamada.MSI\Desktop\Hamada\lab\results\tables\main-experiment-matching\experiment\0_20260824_162125\contrast_matching.csv
1,experiment,0.1,0.0,binocular,Dual plane,5,-0.8757134321374949,0.1331332603888123,mean_of_log10_trials,20260825_104420,C:\Users\Hamada.MSI\Desktop\Hamada\lab\results\tables\main-experiment-matching\experiment\1_20260825_104420,C:\Users\Hamada.MSI\Desktop\Hamada\lab\results\tables\main-experiment-matching\experiment\1_20260825_104420\contrast_matching.csv
1,experiment,0.1,0.0,binocular,Dual plane flat,5,-1.0126938635791642,0.09711943259039366,mean_of_log10_trials,20260825_104420,C:\Users\Hamada.MSI\Desktop\Hamada\lab\results\tables\main-experiment-matching\experiment\1_20260825_104420,C:\Users\Hamada.MSI\Desktop\Hamada\lab\results\tables\main-experiment-matching\experiment\1_20260825_104420\contrast_matching.csv
1,experiment,0.1,0.0,binocular,Single plane,5,-0.5036779801202885,0.31356098488324957,mean_of_log10_trials,20260825_104420,C:\Users\Hamada.MSI\Desktop\Hamada\lab\results\tables\main-experiment-matching\experiment\1_20260825_104420,C:\Users\Hamada.MSI\Desktop\Hamada\lab\results\tables\main-experiment-matching\experiment\1_20260825_104420\contrast_matching.csv
1,experiment,0.1,0.0,binocular,Single plane + defocus simulation,5,-0.8511245865018171,0.14088845722873125,mean_of_log10_trials,20260825_104420,C:\Users\Hamada.MSI\Desktop\Hamada\lab\results\tables\main-experiment-matching\experiment\1_20260825_104420,C:\Users\Hamada.MSI\Desktop\Hamada\lab\results\tables\main-experiment-matching\experiment\1_20260825_104420\contrast_matching.csv
1,experiment,0.1,0.0,monocular,Dual plane,5,-0.9051095593042486,0.12442006981393423,mean_of_log10_trials,20260825_104420,C:\Users\Hamada.MSI\Desktop\Hamada\lab\results\tables\main-experiment-matching\experiment\1_20260825_104420,C:\Users\Hamada.MSI\Desktop\Hamada\lab\results\tables\main-experiment-matching\experiment\1_20260825_104420\contrast_matching.csv
1,experiment,0.1,0.0,monocular,Dual plane flat,5,-0.9681382643200032,0.10761225589398613,mean_of_log10_trials,20260825_104420,C:\Users\Hamada.MSI\Desktop\Hamada\lab\results\tables\main-experiment-matching\experiment\1_20260825_104420,C:\Users\Hamada.MSI\Desktop\Hamada\lab\results\tables\main-experiment-matching\experiment\1_20260825_104420\contrast_matching.csv
1,experiment,0.1,0.0,monocular,Single plane,5,-0.46959907265047135,0.3391571111076352,mean_of_log10_trials,20260825_104420,C:\Users\Hamada.MSI\Desktop\Hamada\lab\results\tables\main-experiment-matching\experiment\1_20260825_104420,C:\Users\Hamada.MSI\Desktop\Hamada\lab\results\tables\main-experiment-matching\experiment\1_20260825_104420\contrast_matching.csv
1,experiment,0.1,0.0,monocular,Single plane + defocus simulation,5,-0.8853751947030586,0.13020414357386972,mean_of_log10_trials,20260825_104420,C:\Users\Hamada.MSI\Desktop\Hamada\lab\results\tables\main-experiment-matching\experiment\1_20260825_104420,C:\Users\Hamada.MSI\Desktop\Hamada\lab\results\tables\main-experiment-matching\experiment\1_20260825_104420\contrast_matching.csv
1,experiment,0.2,0.0,binocular,Dual plane,5,-0.661339425859285,0.21810246506338435,mean_of_log10_trials,20260825_104420,C:\Users\Hamada.MSI\Desktop\Hamada\lab\results\tables\main-experiment-matching\experiment\1_20260825_104420,C:\Users\Hamada.MSI\Desktop\Hamada\lab\results\tables\main-experiment-matching\experiment\1_20260825_104420\contrast_matching.csv
1,experiment,0.2,0.0,binocular,Dual plane flat,5,-0.6650837548845022,0.21623014777309696,mean_of_log10_trials,20260825_104420,C:\Users\Hamada.MSI\Desktop\Hamada\lab\results\tables\main-experiment-matching\experiment\1_20260825_104420,C:\Users\Hamada.MSI\Desktop\Hamada\lab\results\tables\main-experiment-matching\experiment\1_20260825_104420\contrast_matching.csv
1,experiment,0.2,0.0,binocular,Single plane,5,-0.36859613212201986,0.4279606789814629,mean_of_log10_trials,20260825_104420,C:\Users\Hamada.MSI\Desktop\Hamada\lab\results\tables\main-experiment-matching\experiment\1_20260825_104420,C:\Users\Hamada.MSI\Desktop\Hamada\lab\results\tables\main-experiment-matching\experiment\1_20260825_104420\contrast_matching.csv
1,experiment,0.2,0.0,binocular,Single plane + defocus simulation,5,-0.6388080489041681,0.22971637327696565,mean_of_log10_trials,20260825_104420,C:\Users\Hamada.MSI\Desktop\Hamada\lab\results\tables\main-experiment-matching\experiment\1_20260825_104420,C:\Users\Hamada.MSI\Desktop\Hamada\lab\results\tables\main-experiment-matching\experiment\1_20260825_104420\contrast_matching.csv
1,experiment,0.2,0.0,monocular,Dual plane,5,-0.6645915415005639,0.2164753539930118,mean_of_log10_trials,20260825_104420,C:\Users\Hamada.MSI\Desktop\Hamada\lab\results\tables\main-experiment-matching\experiment\1_20260825_104420,C:\Users\Hamada.MSI\Desktop\Hamada\lab\results\tables\main-experiment-matching\experiment\1_20260825_104420\contrast_matching.csv
1,experiment,0.2,0.0,monocular,Dual plane flat,5,-0.6487482923794408,0.22451828058076082,mean_of_log10_trials,20260825_104420,C:\Users\Hamada.MSI\Desktop\Hamada\lab\results\tables\main-experiment-matching\experiment\1_20260825_104420,C:\Users\Hamada.MSI\Desktop\Hamada\lab\results\tables\main-experiment-matching\experiment\1_20260825_104420\contrast_matching.csv
1,experiment,0.2,0.0,monocular,Single plane,5,-0.36980347521036516,0.4267725961362112,mean_of_log10_trials,20260825_104420,C:\Users\Hamada.MSI\Desktop\Hamada\lab\results\tables\main-experiment-matching\experiment\1_20260825_104420,C:\Users\Hamada.MSI\Desktop\Hamada\lab\results\tables\main-experiment-matching\experiment\1_20260825_104420\contrast_matching.csv
1,experiment,0.2,0.0,monocular,Single plane + defocus simulation,5,-0.6773119104895974,0.21022680476046818,mean_of_log10_trials,20260825_104420,C:\Users\Hamada.MSI\Desktop\Hamada\lab\results\tables\main-experiment-matching\experiment\1_20260825_104420,C:\Users\Hamada.MSI\Desktop\Hamada\lab\results\tables\main-experiment-matching\experiment\1_20260825_104420\contrast_matching.csv
2,experiment,0.1,0.0,binocular,Dual plane,5,-0.9252780678502394,0.11877415028702885,mean_of_log10_trials,20260730_150655,C:\Users\Hamada.MSI\Desktop\Hamada\lab\results\tables\main-experiment-matching\experiment\2_20260730_150655,C:\Users\Hamada.MSI\Desktop\Hamada\lab\results\tables\main-experiment-matching\experiment\2_20260730_150655\contrast_matching.csv
2,experiment,0.1,0.0,binocular,Dual plane flat,5,-0.9640604976368726,0.10862742940286002,mean_of_log10_trials,20260730_150655,C:\Users\Hamada.MSI\Desktop\Hamada\lab\results\tables\main-experiment-matching\experiment\2_20260730_150655,C:\Users\Hamada.MSI\Desktop\Hamada\lab\results\tables\main-experiment-matching\experiment\2_20260730_150655\contrast_matching.csv
2,experiment,0.1,0.0,binocular,Single plane,5,-0.6708868090624808,0.21336009248619642,mean_of_log10_trials,20260730_150655,C:\Users\Hamada.MSI\Desktop\Hamada\lab\results\tables\main-experiment-matching\experiment\2_20260730_150655,C:\Users\Hamada.MSI\Desktop\Hamada\lab\results\tables\main-experiment-matching\experiment\2_20260730_150655\contrast_matching.csv
2,experiment,0.1,0.0,binocular,Single plane + defocus simulation,5,-0.7654664014741283,0.17160644656786309,mean_of_log10_trials,20260730_150655,C:\Users\Hamada.MSI\Desktop\Hamada\lab\results\tables\main-experiment-matching\experiment\2_20260730_150655,C:\Users\Hamada.MSI\Desktop\Hamada\lab\results\tables\main-experiment-matching\experiment\2_20260730_150655\contrast_matching.csv
2,experiment,0.1,0.0,monocular,Dual plane,5,-0.8597524166324719,0.13811714208599826,mean_of_log10_trials,20260730_150655,C:\Users\Hamada.MSI\Desktop\Hamada\lab\results\tables\main-experiment-matching\experiment\2_20260730_150655,C:\Users\Hamada.MSI\Desktop\Hamada\lab\results\tables\main-experiment-matching\experiment\2_20260730_150655\contrast_matching.csv
2,experiment,0.1,0.0,monocular,Dual plane flat,5,-0.9945175897772011,0.10127037314991141,mean_of_log10_trials,20260730_150655,C:\Users\Hamada.MSI\Desktop\Hamada\lab\results\tables\main-experiment-matching\experiment\2_20260730_150655,C:\Users\Hamada.MSI\Desktop\Hamada\lab\results\tables\main-experiment-matching\experiment\2_20260730_150655\contrast_matching.csv
2,experiment,0.1,0.0,monocular,Single plane,5,-0.6459812336843098,0.225953340489705,mean_of_log10_trials,20260730_150655,C:\Users\Hamada.MSI\Desktop\Hamada\lab\results\tables\main-experiment-matching\experiment\2_20260730_150655,C:\Users\Hamada.MSI\Desktop\Hamada\lab\results\tables\main-experiment-matching\experiment\2_20260730_150655\contrast_matching.csv
2,experiment,0.1,0.0,monocular,Single plane + defocus simulation,5,-0.784097454376245,0.16440027725405013,mean_of_log10_trials,20260730_150655,C:\Users\Hamada.MSI\Desktop\Hamada\lab\results\tables\main-experiment-matching\experiment\2_20260730_150655,C:\Users\Hamada.MSI\Desktop\Hamada\lab\results\tables\main-experiment-matching\experiment\2_20260730_150655\contrast_matching.csv
2,experiment,0.2,0.0,binocular,Dual plane,5,-0.6998911848184127,0.19957623029774146,mean_of_log10_trials,20260730_150655,C:\Users\Hamada.MSI\Desktop\Hamada\lab\results\tables\main-experiment-matching\experiment\2_20260730_150655,C:\Users\Hamada.MSI\Desktop\Hamada\lab\results\tables\main-experiment-matching\experiment\2_20260730_150655\contrast_matching.csv
2,experiment,0.2,0.0,binocular,Dual plane flat,5,-0.7030903671479709,0.1981114756423469,mean_of_log10_trials,20260730_150655,C:\Users\Hamada.MSI\Desktop\Hamada\lab\results\tables\main-experiment-matching\experiment\2_20260730_150655,C:\Users\Hamada.MSI\Desktop\Hamada\lab\results\tables\main-experiment-matching\experiment\2_20260730_150655\contrast_matching.csv
2,experiment,0.2,0.0,binocular,Single plane,5,-0.574852743889924,0.26616273840770216,mean_of_log10_trials,20260730_150655,C:\Users\Hamada.MSI\Desktop\Hamada\lab\results\tables\main-experiment-matching\experiment\2_20260730_150655,C:\Users\Hamada.MSI\Desktop\Hamada\lab\results\tables\main-experiment-matching\experiment\2_20260730_150655\contrast_matching.csv
2,experiment,0.2,0.0,binocular,Single plane + defocus simulation,5,-0.5871315233087915,0.2587429210085914,mean_of_log10_trials,20260730_150655,C:\Users\Hamada.MSI\Desktop\Hamada\lab\results\tables\main-experiment-matching\experiment\2_20260730_150655,C:\Users\Hamada.MSI\Desktop\Hamada\lab\results\tables\main-experiment-matching\experiment\2_20260730_150655\contrast_matching.csv
2,experiment,0.2,0.0,monocular,Dual plane,5,-0.6565215638161274,0.22053546322557616,mean_of_log10_trials,20260730_150655,C:\Users\Hamada.MSI\Desktop\Hamada\lab\results\tables\main-experiment-matching\experiment\2_20260730_150655,C:\Users\Hamada.MSI\Desktop\Hamada\lab\results\tables\main-experiment-matching\experiment\2_20260730_150655\contrast_matching.csv
2,experiment,0.2,0.0,monocular,Dual plane flat,5,-0.6600150890467169,0.2187685614086975,mean_of_log10_trials,20260730_150655,C:\Users\Hamada.MSI\Desktop\Hamada\lab\results\tables\main-experiment-matching\experiment\2_20260730_150655,C:\Users\Hamada.MSI\Desktop\Hamada\lab\results\tables\main-experiment-matching\experiment\2_20260730_150655\contrast_matching.csv
2,experiment,0.2,0.0,monocular,Single plane,5,-0.5447974976260832,0.28523479472776697,mean_of_log10_trials,20260730_150655,C:\Users\Hamada.MSI\Desktop\Hamada\lab\results\tables\main-experiment-matching\experiment\2_20260730_150655,C:\Users\Hamada.MSI\Desktop\Hamada\lab\results\tables\main-experiment-matching\experiment\2_20260730_150655\contrast_matching.csv
2,experiment,0.2,0.0,monocular,Single plane + defocus simulation,5,-0.6301139155278129,0.23436140042777734,mean_of_log10_trials,20260730_150655,C:\Users\Hamada.MSI\Desktop\Hamada\lab\results\tables\main-experiment-matching\experiment\2_20260730_150655,C:\Users\Hamada.MSI\Desktop\Hamada\lab\results\tables\main-experiment-matching\experiment\2_20260730_150655\contrast_matching.csv
3,experiment,0.1,0.0,binocular,Dual plane,5,-0.94483214638059,0.11354495790069996,mean_of_log10_trials,20260730_164234,C:\Users\Hamada.MSI\Desktop\Hamada\lab\results\tables\main-experiment-matching\experiment\3_20260730_164234,C:\Users\Hamada.MSI\Desktop\Hamada\lab\results\tables\main-experiment-matching\experiment\3_20260730_164234\contrast_matching.csv
3,experiment,0.1,0.0,binocular,Dual plane flat,5,-0.9661835840182815,0.10809769064987516,mean_of_log10_trials,20260730_164234,C:\Users\Hamada.MSI\Desktop\Hamada\lab\results\tables\main-experiment-matching\experiment\3_20260730_164234,C:\Users\Hamada.MSI\Desktop\Hamada\lab\results\tables\main-experiment-matching\experiment\3_20260730_164234\contrast_matching.csv
3,experiment,0.1,0.0,binocular,Single plane,5,-0.5558054638389816,0.278095868049245,mean_of_log10_trials,20260730_164234,C:\Users\Hamada.MSI\Desktop\Hamada\lab\results\tables\main-experiment-matching\experiment\3_20260730_164234,C:\Users\Hamada.MSI\Desktop\Hamada\lab\results\tables\main-experiment-matching\experiment\3_20260730_164234\contrast_matching.csv
3,experiment,0.1,0.0,binocular,Single plane + defocus simulation,5,-0.8488050864848171,0.14164293378301457,mean_of_log10_trials,20260730_164234,C:\Users\Hamada.MSI\Desktop\Hamada\lab\results\tables\main-experiment-matching\experiment\3_20260730_164234,C:\Users\Hamada.MSI\Desktop\Hamada\lab\results\tables\main-experiment-matching\experiment\3_20260730_164234\contrast_matching.csv
3,experiment,0.1,0.0,monocular,Dual plane,5,-0.8604636849135454,0.13789112507444845,mean_of_log10_trials,20260730_164234,C:\Users\Hamada.MSI\Desktop\Hamada\lab\results\tables\main-experiment-matching\experiment\3_20260730_164234,C:\Users\Hamada.MSI\Desktop\Hamada\lab\results\tables\main-experiment-matching\experiment\3_20260730_164234\contrast_matching.csv
3,experiment,0.1,0.0,monocular,Dual plane flat,5,-0.9363862608362261,0.11577471995559417,mean_of_log10_trials,20260730_164234,C:\Users\Hamada.MSI\Desktop\Hamada\lab\results\tables\main-experiment-matching\experiment\3_20260730_164234,C:\Users\Hamada.MSI\Desktop\Hamada\lab\results\tables\main-experiment-matching\experiment\3_20260730_164234\contrast_matching.csv
3,experiment,0.1,0.0,monocular,Single plane,5,-0.558836681279465,0.2761616181241382,mean_of_log10_trials,20260730_164234,C:\Users\Hamada.MSI\Desktop\Hamada\lab\results\tables\main-experiment-matching\experiment\3_20260730_164234,C:\Users\Hamada.MSI\Desktop\Hamada\lab\results\tables\main-experiment-matching\experiment\3_20260730_164234\contrast_matching.csv
3,experiment,0.1,0.0,monocular,Single plane + defocus simulation,5,-0.8722770710616313,0.1341908577562586,mean_of_log10_trials,20260730_164234,C:\Users\Hamada.MSI\Desktop\Hamada\lab\results\tables\main-experiment-matching\experiment\3_20260730_164234,C:\Users\Hamada.MSI\Desktop\Hamada\lab\results\tables\main-experiment-matching\experiment\3_20260730_164234\contrast_matching.csv
3,experiment,0.2,0.0,binocular,Dual plane,5,-0.7721716900916002,0.16897727799416024,mean_of_log10_trials,20260730_164234,C:\Users\Hamada.MSI\Desktop\Hamada\lab\results\tables\main-experiment-matching\experiment\3_20260730_164234,C:\Users\Hamada.MSI\Desktop\Hamada\lab\results\tables\main-experiment-matching\experiment\3_20260730_164234\contrast_matching.csv
3,experiment,0.2,0.0,binocular,Dual plane flat,5,-0.6754554663235257,0.21112736801582976,mean_of_log10_trials,20260730_164234,C:\Users\Hamada.MSI\Desktop\Hamada\lab\results\tables\main-experiment-matching\experiment\3_20260730_164234,C:\Users\Hamada.MSI\Desktop\Hamada\lab\results\tables\main-experiment-matching\experiment\3_20260730_164234\contrast_matching.csv
3,experiment,0.2,0.0,binocular,Single plane,5,-0.5395015535797516,0.28873434504222756,mean_of_log10_trials,20260730_164234,C:\Users\Hamada.MSI\Desktop\Hamada\lab\results\tables\main-experiment-matching\experiment\3_20260730_164234,C:\Users\Hamada.MSI\Desktop\Hamada\lab\results\tables\main-experiment-matching\experiment\3_20260730_164234\contrast_matching.csv
3,experiment,0.2,0.0,binocular,Single plane + defocus simulation,5,-0.6229039271362046,0.2382846534704533,mean_of_log10_trials,20260730_164234,C:\Users\Hamada.MSI\Desktop\Hamada\lab\results\tables\main-experiment-matching\experiment\3_20260730_164234,C:\Users\Hamada.MSI\Desktop\Hamada\lab\results\tables\main-experiment-matching\experiment\3_20260730_164234\contrast_matching.csv
3,experiment,0.2,0.0,monocular,Dual plane,5,-0.7214870696513631,0.1898947379053027,mean_of_log10_trials,20260730_164234,C:\Users\Hamada.MSI\Desktop\Hamada\lab\results\tables\main-experiment-matching\experiment\3_20260730_164234,C:\Users\Hamada.MSI\Desktop\Hamada\lab\results\tables\main-experiment-matching\experiment\3_20260730_164234\contrast_matching.csv
3,experiment,0.2,0.0,monocular,Dual plane flat,5,-0.6994170540040281,0.1997942319436141,mean_of_log10_trials,20260730_164234,C:\Users\Hamada.MSI\Desktop\Hamada\lab\results\tables\main-experiment-matching\experiment\3_20260730_164234,C:\Users\Hamada.MSI\Desktop\Hamada\lab\results\tables\main-experiment-matching\experiment\3_20260730_164234\contrast_matching.csv
3,experiment,0.2,0.0,monocular,Single plane,5,-0.5870175027280392,0.25881086083386695,mean_of_log10_trials,20260730_164234,C:\Users\Hamada.MSI\Desktop\Hamada\lab\results\tables\main-experiment-matching\experiment\3_20260730_164234,C:\Users\Hamada.MSI\Desktop\Hamada\lab\results\tables\main-experiment-matching\experiment\3_20260730_164234\contrast_matching.csv
3,experiment,0.2,0.0,monocular,Single plane + defocus simulation,5,-0.6855405451202647,0.2062811077188274,mean_of_log10_trials,20260730_164234,C:\Users\Hamada.MSI\Desktop\Hamada\lab\results\tables\main-experiment-matching\experiment\3_20260730_164234,C:\Users\Hamada.MSI\Desktop\Hamada\lab\results\tables\main-experiment-matching\experiment\3_20260730_164234\contrast_matching.csv
4,experiment,0.1,0.0,binocular,Dual plane,5,-0.886097684031523,0.1299877169243938,mean_of_log10_trials,20260818_132449,C:\Users\Hamada.MSI\Desktop\Hamada\lab\results\tables\main-experiment-matching\experiment\4_20260818_132449,C:\Users\Hamada.MSI\Desktop\Hamada\lab\results\tables\main-experiment-matching\experiment\4_20260818_132449\contrast_matching.csv
4,experiment,0.1,0.0,binocular,Dual plane flat,5,-0.7909428653630984,0.16182929219892467,mean_of_log10_trials,20260818_132449,C:\Users\Hamada.MSI\Desktop\Hamada\lab\results\tables\main-experiment-matching\experiment\4_20260818_132449,C:\Users\Hamada.MSI\Desktop\Hamada\lab\results\tables\main-experiment-matching\experiment\4_20260818_132449\contrast_matching.csv
4,experiment,0.1,0.0,binocular,Single plane,5,-0.4455300565750269,0.35848413751177877,mean_of_log10_trials,20260818_132449,C:\Users\Hamada.MSI\Desktop\Hamada\lab\results\tables\main-experiment-matching\experiment\4_20260818_132449,C:\Users\Hamada.MSI\Desktop\Hamada\lab\results\tables\main-experiment-matching\experiment\4_20260818_132449\contrast_matching.csv
4,experiment,0.1,0.0,binocular,Single plane + defocus simulation,5,-0.7628645546620739,0.172637622061602,mean_of_log10_trials,20260818_132449,C:\Users\Hamada.MSI\Desktop\Hamada\lab\results\tables\main-experiment-matching\experiment\4_20260818_132449,C:\Users\Hamada.MSI\Desktop\Hamada\lab\results\tables\main-experiment-matching\experiment\4_20260818_132449\contrast_matching.csv
4,experiment,0.1,0.0,monocular,Dual plane,5,-0.8158709534598785,0.15280200276366662,mean_of_log10_trials,20260818_132449,C:\Users\Hamada.MSI\Desktop\Hamada\lab\results\tables\main-experiment-matching\experiment\4_20260818_132449,C:\Users\Hamada.MSI\Desktop\Hamada\lab\results\tables\main-experiment-matching\experiment\4_20260818_132449\contrast_matching.csv
4,experiment,0.1,0.0,monocular,Dual plane flat,5,-0.8664954631322116,0.13598923693587794,mean_of_log10_trials,20260818_132449,C:\Users\Hamada.MSI\Desktop\Hamada\lab\results\tables\main-experiment-matching\experiment\4_20260818_132449,C:\Users\Hamada.MSI\Desktop\Hamada\lab\results\tables\main-experiment-matching\experiment\4_20260818_132449\contrast_matching.csv
4,experiment,0.1,0.0,monocular,Single plane,5,-0.48795490392954893,0.3251210554031858,mean_of_log10_trials,20260818_132449,C:\Users\Hamada.MSI\Desktop\Hamada\lab\results\tables\main-experiment-matching\experiment\4_20260818_132449,C:\Users\Hamada.MSI\Desktop\Hamada\lab\results\tables\main-experiment-matching\experiment\4_20260818_132449\contrast_matching.csv
4,experiment,0.1,0.0,monocular,Single plane + defocus simulation,5,-0.8085237476089576,0.15540903094063283,mean_of_log10_trials,20260818_132449,C:\Users\Hamada.MSI\Desktop\Hamada\lab\results\tables\main-experiment-matching\experiment\4_20260818_132449,C:\Users\Hamada.MSI\Desktop\Hamada\lab\results\tables\main-experiment-matching\experiment\4_20260818_132449\contrast_matching.csv
4,experiment,0.2,0.0,binocular,Dual plane,5,-0.6586082622711158,0.2194783758459278,mean_of_log10_trials,20260818_132449,C:\Users\Hamada.MSI\Desktop\Hamada\lab\results\tables\main-experiment-matching\experiment\4_20260818_132449,C:\Users\Hamada.MSI\Desktop\Hamada\lab\results\tables\main-experiment-matching\experiment\4_20260818_132449\contrast_matching.csv
4,experiment,0.2,0.0,binocular,Dual plane flat,5,-0.6520198339043438,0.22283333806267075,mean_of_log10_trials,20260818_132449,C:\Users\Hamada.MSI\Desktop\Hamada\lab\results\tables\main-experiment-matching\experiment\4_20260818_132449,C:\Users\Hamada.MSI\Desktop\Hamada\lab\results\tables\main-experiment-matching\experiment\4_20260818_132449\contrast_matching.csv
4,experiment,0.2,0.0,binocular,Single plane,5,-0.384227991374993,0.41283072153901484,mean_of_log10_trials,20260818_132449,C:\Users\Hamada.MSI\Desktop\Hamada\lab\results\tables\main-experiment-matching\experiment\4_20260818_132449,C:\Users\Hamada.MSI\Desktop\Hamada\lab\results\tables\main-experiment-matching\experiment\4_20260818_132449\contrast_matching.csv
4,experiment,0.2,0.0,binocular,Single plane + defocus simulation,5,-0.5933764318297742,0.25504896657723236,mean_of_log10_trials,20260818_132449,C:\Users\Hamada.MSI\Desktop\Hamada\lab\results\tables\main-experiment-matching\experiment\4_20260818_132449,C:\Users\Hamada.MSI\Desktop\Hamada\lab\results\tables\main-experiment-matching\experiment\4_20260818_132449\contrast_matching.csv
4,experiment,0.2,0.0,monocular,Dual plane,5,-0.6488636089232416,0.22445867301908484,mean_of_log10_trials,20260818_132449,C:\Users\Hamada.MSI\Desktop\Hamada\lab\results\tables\main-experiment-matching\experiment\4_20260818_132449,C:\Users\Hamada.MSI\Desktop\Hamada\lab\results\tables\main-experiment-matching\experiment\4_20260818_132449\contrast_matching.csv
4,experiment,0.2,0.0,monocular,Dual plane flat,5,-0.6573137157872078,0.22013357376576026,mean_of_log10_trials,20260818_132449,C:\Users\Hamada.MSI\Desktop\Hamada\lab\results\tables\main-experiment-matching\experiment\4_20260818_132449,C:\Users\Hamada.MSI\Desktop\Hamada\lab\results\tables\main-experiment-matching\experiment\4_20260818_132449\contrast_matching.csv
4,experiment,0.2,0.0,monocular,Single plane,5,-0.46158971013753075,0.34546996012670717,mean_of_log10_trials,20260818_132449,C:\Users\Hamada.MSI\Desktop\Hamada\lab\results\tables\main-experiment-matching\experiment\4_20260818_132449,C:\Users\Hamada.MSI\Desktop\Hamada\lab\results\tables\main-experiment-matching\experiment\4_20260818_132449\contrast_matching.csv
4,experiment,0.2,0.0,monocular,Single plane + defocus simulation,5,-0.6092831644298655,0.2458763942244859,mean_of_log10_trials,20260818_132449,C:\Users\Hamada.MSI\Desktop\Hamada\lab\results\tables\main-experiment-matching\experiment\4_20260818_132449,C:\Users\Hamada.MSI\Desktop\Hamada\lab\results\tables\main-experiment-matching\experiment\4_20260818_132449\contrast_matching.csv
5,experiment,0.1,0.0,binocular,Dual plane,5,-0.6309455172214034,0.23391306670817463,mean_of_log10_trials,20260818_160423,C:\Users\Hamada.MSI\Desktop\Hamada\lab\results\tables\main-experiment-matching\experiment\5_20260818_160423,C:\Users\Hamada.MSI\Desktop\Hamada\lab\results\tables\main-experiment-matching\experiment\5_20260818_160423\contrast_matching.csv
5,experiment,0.1,0.0,binocular,Dual plane flat,5,-0.8783951886878981,0.13231369913464858,mean_of_log10_trials,20260818_160423,C:\Users\Hamada.MSI\Desktop\Hamada\lab\results\tables\main-experiment-matching\experiment\5_20260818_160423,C:\Users\Hamada.MSI\Desktop\Hamada\lab\results\tables\main-experiment-matching\experiment\5_20260818_160423\contrast_matching.csv
5,experiment,0.1,0.0,binocular,Single plane,5,-0.48131941189064464,0.33012665247017076,mean_of_log10_trials,20260818_160423,C:\Users\Hamada.MSI\Desktop\Hamada\lab\results\tables\main-experiment-matching\experiment\5_20260818_160423,C:\Users\Hamada.MSI\Desktop\Hamada\lab\results\tables\main-experiment-matching\experiment\5_20260818_160423\contrast_matching.csv
5,experiment,0.1,0.0,binocular,Single plane + defocus simulation,5,-0.5107703107021855,0.30848190153616883,mean_of_log10_trials,20260818_160423,C:\Users\Hamada.MSI\Desktop\Hamada\lab\results\tables\main-experiment-matching\experiment\5_20260818_160423,C:\Users\Hamada.MSI\Desktop\Hamada\lab\results\tables\main-experiment-matching\experiment\5_20260818_160423\contrast_matching.csv
5,experiment,0.1,0.0,monocular,Dual plane,5,-0.5590438546091129,0.2760299109988012,mean_of_log10_trials,20260818_160423,C:\Users\Hamada.MSI\Desktop\Hamada\lab\results\tables\main-experiment-matching\experiment\5_20260818_160423,C:\Users\Hamada.MSI\Desktop\Hamada\lab\results\tables\main-experiment-matching\experiment\5_20260818_160423\contrast_matching.csv
5,experiment,0.1,0.0,monocular,Dual plane flat,5,-0.8465086125159471,0.14239390081593906,mean_of_log10_trials,20260818_160423,C:\Users\Hamada.MSI\Desktop\Hamada\lab\results\tables\main-experiment-matching\experiment\5_20260818_160423,C:\Users\Hamada.MSI\Desktop\Hamada\lab\results\tables\main-experiment-matching\experiment\5_20260818_160423\contrast_matching.csv
5,experiment,0.1,0.0,monocular,Single plane,5,-0.5618922054462464,0.2742254731906361,mean_of_log10_trials,20260818_160423,C:\Users\Hamada.MSI\Desktop\Hamada\lab\results\tables\main-experiment-matching\experiment\5_20260818_160423,C:\Users\Hamada.MSI\Desktop\Hamada\lab\results\tables\main-experiment-matching\experiment\5_20260818_160423\contrast_matching.csv
5,experiment,0.1,0.0,monocular,Single plane + defocus simulation,5,-0.643026493684248,0.22749586450472117,mean_of_log10_trials,20260818_160423,C:\Users\Hamada.MSI\Desktop\Hamada\lab\results\tables\main-experiment-matching\experiment\5_20260818_160423,C:\Users\Hamada.MSI\Desktop\Hamada\lab\results\tables\main-experiment-matching\experiment\5_20260818_160423\contrast_matching.csv
5,experiment,0.2,0.0,binocular,Dual plane,5,-0.4891773268279359,0.3242072132371279,mean_of_log10_trials,20260818_160423,C:\Users\Hamada.MSI\Desktop\Hamada\lab\results\tables\main-experiment-matching\experiment\5_20260818_160423,C:\Users\Hamada.MSI\Desktop\Hamada\lab\results\tables\main-experiment-matching\experiment\5_20260818_160423\contrast_matching.csv
5,experiment,0.2,0.0,binocular,Dual plane flat,5,-0.6616091293065536,0.21796706217908923,mean_of_log10_trials,20260818_160423,C:\Users\Hamada.MSI\Desktop\Hamada\lab\results\tables\main-experiment-matching\experiment\5_20260818_160423,C:\Users\Hamada.MSI\Desktop\Hamada\lab\results\tables\main-experiment-matching\experiment\5_20260818_160423\contrast_matching.csv
5,experiment,0.2,0.0,binocular,Single plane,5,-0.40772172818530866,0.3910914052070819,mean_of_log10_trials,20260818_160423,C:\Users\Hamada.MSI\Desktop\Hamada\lab\results\tables\main-experiment-matching\experiment\5_20260818_160423,C:\Users\Hamada.MSI\Desktop\Hamada\lab\results\tables\main-experiment-matching\experiment\5_20260818_160423\contrast_matching.csv
5,experiment,0.2,0.0,binocular,Single plane + defocus simulation,5,-0.4856259220781724,0.32686925856108556,mean_of_log10_trials,20260818_160423,C:\Users\Hamada.MSI\Desktop\Hamada\lab\results\tables\main-experiment-matching\experiment\5_20260818_160423,C:\Users\Hamada.MSI\Desktop\Hamada\lab\results\tables\main-experiment-matching\experiment\5_20260818_160423\contrast_matching.csv
5,experiment,0.2,0.0,monocular,Dual plane,5,-0.48676222934449065,0.32601514125673886,mean_of_log10_trials,20260818_160423,C:\Users\Hamada.MSI\Desktop\Hamada\lab\results\tables\main-experiment-matching\experiment\5_20260818_160423,C:\Users\Hamada.MSI\Desktop\Hamada\lab\results\tables\main-experiment-matching\experiment\5_20260818_160423\contrast_matching.csv
5,experiment,0.2,0.0,monocular,Dual plane flat,5,-0.6271472518277394,0.23596780254199465,mean_of_log10_trials,20260818_160423,C:\Users\Hamada.MSI\Desktop\Hamada\lab\results\tables\main-experiment-matching\experiment\5_20260818_160423,C:\Users\Hamada.MSI\Desktop\Hamada\lab\results\tables\main-experiment-matching\experiment\5_20260818_160423\contrast_matching.csv
5,experiment,0.2,0.0,monocular,Single plane,5,-0.518091553290607,0.30332516793020553,mean_of_log10_trials,20260818_160423,C:\Users\Hamada.MSI\Desktop\Hamada\lab\results\tables\main-experiment-matching\experiment\5_20260818_160423,C:\Users\Hamada.MSI\Desktop\Hamada\lab\results\tables\main-experiment-matching\experiment\5_20260818_160423\contrast_matching.csv
5,experiment,0.2,0.0,monocular,Single plane + defocus simulation,5,-0.51306326919869,0.3068574917505373,mean_of_log10_trials,20260818_160423,C:\Users\Hamada.MSI\Desktop\Hamada\lab\results\tables\main-experiment-matching\experiment\5_20260818_160423,C:\Users\Hamada.MSI\Desktop\Hamada\lab\results\tables\main-experiment-matching\experiment\5_20260818_160423\contrast_matching.csv
6,experiment,0.1,0.0,binocular,Dual plane,5,-0.8014723138091575,0.15795292992222043,mean_of_log10_trials,20260821_162308,C:\Users\Hamada.MSI\Desktop\Hamada\lab\results\tables\main-experiment-matching\experiment\6_20260821_162308,C:\Users\Hamada.MSI\Desktop\Hamada\lab\results\tables\main-experiment-matching\experiment\6_20260821_162308\contrast_matching.csv
6,experiment,0.1,0.0,binocular,Dual plane flat,5,-0.8248213608124159,0.14968512321894945,mean_of_log10_trials,20260821_162308,C:\Users\Hamada.MSI\Desktop\Hamada\lab\results\tables\main-experiment-matching\experiment\6_20260821_162308,C:\Users\Hamada.MSI\Desktop\Hamada\lab\results\tables\main-experiment-matching\experiment\6_20260821_162308\contrast_matching.csv
6,experiment,0.1,0.0,binocular,Single plane,5,-0.6641004688699746,0.21672026902227462,mean_of_log10_trials,20260821_162308,C:\Users\Hamada.MSI\Desktop\Hamada\lab\results\tables\main-experiment-matching\experiment\6_20260821_162308,C:\Users\Hamada.MSI\Desktop\Hamada\lab\results\tables\main-experiment-matching\experiment\6_20260821_162308\contrast_matching.csv
6,experiment,0.1,0.0,binocular,Single plane + defocus simulation,5,-0.7371750624864102,0.18315759721025193,mean_of_log10_trials,20260821_162308,C:\Users\Hamada.MSI\Desktop\Hamada\lab\results\tables\main-experiment-matching\experiment\6_20260821_162308,C:\Users\Hamada.MSI\Desktop\Hamada\lab\results\tables\main-experiment-matching\experiment\6_20260821_162308\contrast_matching.csv
6,experiment,0.1,0.0,monocular,Dual plane,5,-0.5483072905918405,0.28293893169261974,mean_of_log10_trials,20260821_162308,C:\Users\Hamada.MSI\Desktop\Hamada\lab\results\tables\main-experiment-matching\experiment\6_20260821_162308,C:\Users\Hamada.MSI\Desktop\Hamada\lab\results\tables\main-experiment-matching\experiment\6_20260821_162308\contrast_matching.csv
6,experiment,0.1,0.0,monocular,Dual plane flat,5,-0.673033207671682,0.21230821175257736,mean_of_log10_trials,20260821_162308,C:\Users\Hamada.MSI\Desktop\Hamada\lab\results\tables\main-experiment-matching\experiment\6_20260821_162308,C:\Users\Hamada.MSI\Desktop\Hamada\lab\results\tables\main-experiment-matching\experiment\6_20260821_162308\contrast_matching.csv
6,experiment,0.1,0.0,monocular,Single plane,5,-0.4708001438322099,0.3382204446557923,mean_of_log10_trials,20260821_162308,C:\Users\Hamada.MSI\Desktop\Hamada\lab\results\tables\main-experiment-matching\experiment\6_20260821_162308,C:\Users\Hamada.MSI\Desktop\Hamada\lab\results\tables\main-experiment-matching\experiment\6_20260821_162308\contrast_matching.csv
6,experiment,0.1,0.0,monocular,Single plane + defocus simulation,5,-0.6525214618743015,0.22257610498789382,mean_of_log10_trials,20260821_162308,C:\Users\Hamada.MSI\Desktop\Hamada\lab\results\tables\main-experiment-matching\experiment\6_20260821_162308,C:\Users\Hamada.MSI\Desktop\Hamada\lab\results\tables\main-experiment-matching\experiment\6_20260821_162308\contrast_matching.csv
6,experiment,0.2,0.0,binocular,Dual plane,5,-0.6425738438820117,0.2277330990198304,mean_of_log10_trials,20260821_162308,C:\Users\Hamada.MSI\Desktop\Hamada\lab\results\tables\main-experiment-matching\experiment\6_20260821_162308,C:\Users\Hamada.MSI\Desktop\Hamada\lab\results\tables\main-experiment-matching\experiment\6_20260821_162308\contrast_matching.csv
6,experiment,0.2,0.0,binocular,Dual plane flat,5,-0.6005843824419818,0.25085087345016643,mean_of_log10_trials,20260821_162308,C:\Users\Hamada.MSI\Desktop\Hamada\lab\results\tables\main-experiment-matching\experiment\6_20260821_162308,C:\Users\Hamada.MSI\Desktop\Hamada\lab\results\tables\main-experiment-matching\experiment\6_20260821_162308\contrast_matching.csv
6,experiment,0.2,0.0,binocular,Single plane,5,-0.7377888848144722,0.18289890912086035,mean_of_log10_trials,20260821_162308,C:\Users\Hamada.MSI\Desktop\Hamada\lab\results\tables\main-experiment-matching\experiment\6_20260821_162308,C:\Users\Hamada.MSI\Desktop\Hamada\lab\results\tables\main-experiment-matching\experiment\6_20260821_162308\contrast_matching.csv
6,experiment,0.2,0.0,binocular,Single plane + defocus simulation,5,-0.5129997436888002,0.30690237996620184,mean_of_log10_trials,20260821_162308,C:\Users\Hamada.MSI\Desktop\Hamada\lab\results\tables\main-experiment-matching\experiment\6_20260821_162308,C:\Users\Hamada.MSI\Desktop\Hamada\lab\results\tables\main-experiment-matching\experiment\6_20260821_162308\contrast_matching.csv
6,experiment,0.2,0.0,monocular,Dual plane,5,-0.4434628415158368,0.36019456752946843,mean_of_log10_trials,20260821_162308,C:\Users\Hamada.MSI\Desktop\Hamada\lab\results\tables\main-experiment-matching\experiment\6_20260821_162308,C:\Users\Hamada.MSI\Desktop\Hamada\lab\results\tables\main-experiment-matching\experiment\6_20260821_162308\contrast_matching.csv
6,experiment,0.2,0.0,monocular,Dual plane flat,5,-0.4084898349451592,0.3904003200730371,mean_of_log10_trials,20260821_162308,C:\Users\Hamada.MSI\Desktop\Hamada\lab\results\tables\main-experiment-matching\experiment\6_20260821_162308,C:\Users\Hamada.MSI\Desktop\Hamada\lab\results\tables\main-experiment-matching\experiment\6_20260821_162308\contrast_matching.csv
6,experiment,0.2,0.0,monocular,Single plane,5,-0.3536353283366296,0.4429601643751543,mean_of_log10_trials,20260821_162308,C:\Users\Hamada.MSI\Desktop\Hamada\lab\results\tables\main-experiment-matching\experiment\6_20260821_162308,C:\Users\Hamada.MSI\Desktop\Hamada\lab\results\tables\main-experiment-matching\experiment\6_20260821_162308\contrast_matching.csv
6,experiment,0.2,0.0,monocular,Single plane + defocus simulation,5,-0.40477448210325895,0.3937544889043221,mean_of_log10_trials,20260821_162308,C:\Users\Hamada.MSI\Desktop\Hamada\lab\results\tables\main-experiment-matching\experiment\6_20260821_162308,C:\Users\Hamada.MSI\Desktop\Hamada\lab\results\tables\main-experiment-matching\experiment\6_20260821_162308\contrast_matching.csv
