Distance1(cm),Distance2(cm),Image_Win1,Image_Win2,Score
50,100,FG_2_50_0.5_BG_2_15_0.5.png,FG_2_50_0.5_BG_2_15_0.5.png,0.39925825595855713
50,100,FG_2_50_0.5_BG_2_15_1.0.png,FG_2_50_0.5_BG_2_15_1.0.png,0.37318459153175354
50,100,FG_2_50_0.5_BG_2_5_0.5.png,FG_2_50_0.5_BG_2_5_0.5.png,0.438071072101593
50,100,FG_2_50_0.5_BG_2_5_1.0.png,FG_2_50_0.5_BG_2_5_1.0.png,0.4301508069038391
50,100,FG_2_50_0.5_BG_4_15_0.5.png,FG_2_50_0.5_BG_4_15_0.5.png,0.38899385929107666
50,100,FG_2_50_0.5_BG_4_15_1.0.png,FG_2_50_0.5_BG_4_15_1.0.png,0.3744056820869446
50,100,FG_2_50_0.5_BG_4_5_0.5.png,FG_2_50_0.5_BG_4_5_0.5.png,0.42465636134147644
50,100,FG_2_50_0.5_BG_4_5_1.0.png,FG_2_50_0.5_BG_4_5_1.0.png,0.42143088579177856
50,100,FG_2_50_1.0_BG_2_15_0.5.png,FG_2_50_1.0_BG_2_15_0.5.png,0.401325523853302
50,100,FG_2_50_1.0_BG_2_15_1.0.png,FG_2_50_1.0_BG_2_15_1.0.png,0.3825967311859131
50,100,FG_2_50_1.0_BG_2_5_0.5.png,FG_2_50_1.0_BG_2_5_0.5.png,0.4514840841293335
50,100,FG_2_50_1.0_BG_2_5_1.0.png,FG_2_50_1.0_BG_2_5_1.0.png,0.4439448118209839
50,100,FG_2_50_1.0_BG_4_15_0.5.png,FG_2_50_1.0_BG_4_15_0.5.png,0.39251625537872314
50,100,FG_2_50_1.0_BG_4_15_1.0.png,FG_2_50_1.0_BG_4_15_1.0.png,0.3822064995765686
50,100,FG_2_50_1.0_BG_4_5_0.5.png,FG_2_50_1.0_BG_4_5_0.5.png,0.4355391561985016
50,100,FG_2_50_1.0_BG_4_5_1.0.png,FG_2_50_1.0_BG_4_5_1.0.png,0.4331989288330078
50,100,FG_2_5_0.5_BG_2_15_0.5.png,FG_2_5_0.5_BG_2_15_0.5.png,0.26357704401016235
50,100,FG_2_5_0.5_BG_2_15_1.0.png,FG_2_5_0.5_BG_2_15_1.0.png,0.25672611594200134
50,100,FG_2_5_0.5_BG_2_5_0.5.png,FG_2_5_0.5_BG_2_5_0.5.png,0.31848013401031494
50,100,FG_2_5_0.5_BG_2_5_1.0.png,FG_2_5_0.5_BG_2_5_1.0.png,0.2921904921531677
50,100,FG_2_5_0.5_BG_4_15_0.5.png,FG_2_5_0.5_BG_4_15_0.5.png,0.26018139719963074
50,100,FG_2_5_0.5_BG_4_15_1.0.png,FG_2_5_0.5_BG_4_15_1.0.png,0.24888259172439575
50,100,FG_2_5_0.5_BG_4_5_0.5.png,FG_2_5_0.5_BG_4_5_0.5.png,0.29798707365989685
50,100,FG_2_5_0.5_BG_4_5_1.0.png,FG_2_5_0.5_BG_4_5_1.0.png,0.26827535033226013
50,100,FG_2_5_1.0_BG_2_15_0.5.png,FG_2_5_1.0_BG_2_15_0.5.png,0.27108657360076904
50,100,FG_2_5_1.0_BG_2_15_1.0.png,FG_2_5_1.0_BG_2_15_1.0.png,0.2612311840057373
50,100,FG_2_5_1.0_BG_2_5_0.5.png,FG_2_5_1.0_BG_2_5_0.5.png,0.33158040046691895
50,100,FG_2_5_1.0_BG_2_5_1.0.png,FG_2_5_1.0_BG_2_5_1.0.png,0.3099220097064972
50,100,FG_2_5_1.0_BG_4_15_0.5.png,FG_2_5_1.0_BG_4_15_0.5.png,0.2666712701320648
50,100,FG_2_5_1.0_BG_4_15_1.0.png,FG_2_5_1.0_BG_4_15_1.0.png,0.25369736552238464
50,100,FG_2_5_1.0_BG_4_5_0.5.png,FG_2_5_1.0_BG_4_5_0.5.png,0.31451019644737244
50,100,FG_2_5_1.0_BG_4_5_1.0.png,FG_2_5_1.0_BG_4_5_1.0.png,0.2841515839099884
50,100,FG_4_50_0.5_BG_2_15_0.5.png,FG_4_50_0.5_BG_2_15_0.5.png,0.3885713517665863
50,100,FG_4_50_0.5_BG_2_15_1.0.png,FG_4_50_0.5_BG_2_15_1.0.png,0.3663788139820099
50,100,FG_4_50_0.5_BG_2_5_0.5.png,FG_4_50_0.5_BG_2_5_0.5.png,0.44077301025390625
50,100,FG_4_50_0.5_BG_2_5_1.0.png,FG_4_50_0.5_BG_2_5_1.0.png,0.42465150356292725
50,100,FG_4_50_0.5_BG_4_15_0.5.png,FG_4_50_0.5_BG_4_15_0.5.png,0.3864763379096985
50,100,FG_4_50_0.5_BG_4_15_1.0.png,FG_4_50_0.5_BG_4_15_1.0.png,0.3703290522098541
50,100,FG_4_50_0.5_BG_4_5_0.5.png,FG_4_50_0.5_BG_4_5_0.5.png,0.42278605699539185
50,100,FG_4_50_0.5_BG_4_5_1.0.png,FG_4_50_0.5_BG_4_5_1.0.png,0.41660115122795105
50,100,FG_4_50_1.0_BG_2_15_0.5.png,FG_4_50_1.0_BG_2_15_0.5.png,0.39143791794776917
50,100,FG_4_50_1.0_BG_2_15_1.0.png,FG_4_50_1.0_BG_2_15_1.0.png,0.3742150068283081
50,100,FG_4_50_1.0_BG_2_5_0.5.png,FG_4_50_1.0_BG_2_5_0.5.png,0.4445844888687134
50,100,FG_4_50_1.0_BG_2_5_1.0.png,FG_4_50_1.0_BG_2_5_1.0.png,0.4354901909828186
50,100,FG_4_50_1.0_BG_4_15_0.5.png,FG_4_50_1.0_BG_4_15_0.5.png,0.3916703164577484
50,100,FG_4_50_1.0_BG_4_15_1.0.png,FG_4_50_1.0_BG_4_15_1.0.png,0.3802259862422943
50,100,FG_4_50_1.0_BG_4_5_0.5.png,FG_4_50_1.0_BG_4_5_0.5.png,0.4308010935783386
50,100,FG_4_50_1.0_BG_4_5_1.0.png,FG_4_50_1.0_BG_4_5_1.0.png,0.4297170341014862
50,100,FG_4_5_0.5_BG_2_15_0.5.png,FG_4_5_0.5_BG_2_15_0.5.png,0.2655566930770874
50,100,FG_4_5_0.5_BG_2_15_1.0.png,FG_4_5_0.5_BG_2_15_1.0.png,0.25784942507743835
50,100,FG_4_5_0.5_BG_2_5_0.5.png,FG_4_5_0.5_BG_2_5_0.5.png,0.32749298214912415
50,100,FG_4_5_0.5_BG_2_5_1.0.png,FG_4_5_0.5_BG_2_5_1.0.png,0.2990429699420929
50,100,FG_4_5_0.5_BG_4_15_0.5.png,FG_4_5_0.5_BG_4_15_0.5.png,0.26429513096809387
50,100,FG_4_5_0.5_BG_4_15_1.0.png,FG_4_5_0.5_BG_4_15_1.0.png,0.2568681240081787
50,100,FG_4_5_0.5_BG_4_5_0.5.png,FG_4_5_0.5_BG_4_5_0.5.png,0.3087639808654785
50,100,FG_4_5_0.5_BG_4_5_1.0.png,FG_4_5_0.5_BG_4_5_1.0.png,0.2790624499320984
50,100,FG_4_5_1.0_BG_2_15_0.5.png,FG_4_5_1.0_BG_2_15_0.5.png,0.27312925457954407
50,100,FG_4_5_1.0_BG_2_15_1.0.png,FG_4_5_1.0_BG_2_15_1.0.png,0.2639157176017761
50,100,FG_4_5_1.0_BG_2_5_0.5.png,FG_4_5_1.0_BG_2_5_0.5.png,0.33504727482795715
50,100,FG_4_5_1.0_BG_2_5_1.0.png,FG_4_5_1.0_BG_2_5_1.0.png,0.3060115873813629
50,100,FG_4_5_1.0_BG_4_15_0.5.png,FG_4_5_1.0_BG_4_15_0.5.png,0.2693624496459961
50,100,FG_4_5_1.0_BG_4_15_1.0.png,FG_4_5_1.0_BG_4_15_1.0.png,0.2605477571487427
50,100,FG_4_5_1.0_BG_4_5_0.5.png,FG_4_5_1.0_BG_4_5_0.5.png,0.3175968825817108
50,100,FG_4_5_1.0_BG_4_5_1.0.png,FG_4_5_1.0_BG_4_5_1.0.png,0.28631603717803955
50,70,FG_2_50_0.5_BG_2_15_0.5.png,FG_2_50_0.5_BG_2_15_0.5.png,0.3876309096813202
50,70,FG_2_50_0.5_BG_2_15_1.0.png,FG_2_50_0.5_BG_2_15_1.0.png,0.3721742630004883
50,70,FG_2_50_0.5_BG_2_5_0.5.png,FG_2_50_0.5_BG_2_5_0.5.png,0.4321901798248291
50,70,FG_2_50_0.5_BG_2_5_1.0.png,FG_2_50_0.5_BG_2_5_1.0.png,0.42613548040390015
50,70,FG_2_50_0.5_BG_4_15_0.5.png,FG_2_50_0.5_BG_4_15_0.5.png,0.3845433294773102
50,70,FG_2_50_0.5_BG_4_15_1.0.png,FG_2_50_0.5_BG_4_15_1.0.png,0.37193652987480164
50,70,FG_2_50_0.5_BG_4_5_0.5.png,FG_2_50_0.5_BG_4_5_0.5.png,0.41717246174812317
50,70,FG_2_50_0.5_BG_4_5_1.0.png,FG_2_50_0.5_BG_4_5_1.0.png,0.41557934880256653
50,70,FG_2_50_1.0_BG_2_15_0.5.png,FG_2_50_1.0_BG_2_15_0.5.png,0.39858126640319824
50,70,FG_2_50_1.0_BG_2_15_1.0.png,FG_2_50_1.0_BG_2_15_1.0.png,0.3831409215927124
50,70,FG_2_50_1.0_BG_2_5_0.5.png,FG_2_50_1.0_BG_2_5_0.5.png,0.44237440824508667
50,70,FG_2_50_1.0_BG_2_5_1.0.png,FG_2_50_1.0_BG_2_5_1.0.png,0.4384324252605438
50,70,FG_2_50_1.0_BG_4_15_0.5.png,FG_2_50_1.0_BG_4_15_0.5.png,0.38996970653533936
50,70,FG_2_50_1.0_BG_4_15_1.0.png,FG_2_50_1.0_BG_4_15_1.0.png,0.37859007716178894
50,70,FG_2_50_1.0_BG_4_5_0.5.png,FG_2_50_1.0_BG_4_5_0.5.png,0.4293653964996338
50,70,FG_2_50_1.0_BG_4_5_1.0.png,FG_2_50_1.0_BG_4_5_1.0.png,0.42708614468574524
50,70,FG_2_5_0.5_BG_2_15_0.5.png,FG_2_5_0.5_BG_2_15_0.5.png,0.26258036494255066
50,70,FG_2_5_0.5_BG_2_15_1.0.png,FG_2_5_0.5_BG_2_15_1.0.png,0.2502824068069458
50,70,FG_2_5_0.5_BG_2_5_0.5.png,FG_2_5_0.5_BG_2_5_0.5.png,0.3047081530094147
50,70,FG_2_5_0.5_BG_2_5_1.0.png,FG_2_5_0.5_BG_2_5_1.0.png,0.28388890624046326
50,70,FG_2_5_0.5_BG_4_15_0.5.png,FG_2_5_0.5_BG_4_15_0.5.png,0.25866153836250305
50,70,FG_2_5_0.5_BG_4_15_1.0.png,FG_2_5_0.5_BG_4_15_1.0.png,0.24845370650291443
50,70,FG_2_5_0.5_BG_4_5_0.5.png,FG_2_5_0.5_BG_4_5_0.5.png,0.2936674952507019
50,70,FG_2_5_0.5_BG_4_5_1.0.png,FG_2_5_0.5_BG_4_5_1.0.png,0.2572883069515228
50,70,FG_2_5_1.0_BG_2_15_0.5.png,FG_2_5_1.0_BG_2_15_0.5.png,0.2669896185398102
50,70,FG_2_5_1.0_BG_2_15_1.0.png,FG_2_5_1.0_BG_2_15_1.0.png,0.2562469244003296
50,70,FG_2_5_1.0_BG_2_5_0.5.png,FG_2_5_1.0_BG_2_5_0.5.png,0.3178507387638092
50,70,FG_2_5_1.0_BG_2_5_1.0.png,FG_2_5_1.0_BG_2_5_1.0.png,0.3032011091709137
50,70,FG_2_5_1.0_BG_4_15_0.5.png,FG_2_5_1.0_BG_4_15_0.5.png,0.2661481499671936
50,70,FG_2_5_1.0_BG_4_15_1.0.png,FG_2_5_1.0_BG_4_15_1.0.png,0.2547154128551483
50,70,FG_2_5_1.0_BG_4_5_0.5.png,FG_2_5_1.0_BG_4_5_0.5.png,0.3065425455570221
50,70,FG_2_5_1.0_BG_4_5_1.0.png,FG_2_5_1.0_BG_4_5_1.0.png,0.27399471402168274
50,70,FG_4_50_0.5_BG_2_15_0.5.png,FG_4_50_0.5_BG_2_15_0.5.png,0.38335156440734863
50,70,FG_4_50_0.5_BG_2_15_1.0.png,FG_4_50_0.5_BG_2_15_1.0.png,0.37078040838241577
50,70,FG_4_50_0.5_BG_2_5_0.5.png,FG_4_50_0.5_BG_2_5_0.5.png,0.42707398533821106
50,70,FG_4_50_0.5_BG_2_5_1.0.png,FG_4_50_0.5_BG_2_5_1.0.png,0.4206036329269409
50,70,FG_4_50_0.5_BG_4_15_0.5.png,FG_4_50_0.5_BG_4_15_0.5.png,0.37909558415412903
50,70,FG_4_50_0.5_BG_4_15_1.0.png,FG_4_50_0.5_BG_4_15_1.0.png,0.36925917863845825
50,70,FG_4_50_0.5_BG_4_5_0.5.png,FG_4_50_0.5_BG_4_5_0.5.png,0.4158705770969391
50,70,FG_4_50_0.5_BG_4_5_1.0.png,FG_4_50_0.5_BG_4_5_1.0.png,0.4142560660839081
50,70,FG_4_50_1.0_BG_2_15_0.5.png,FG_4_50_1.0_BG_2_15_0.5.png,0.39154133200645447
50,70,FG_4_50_1.0_BG_2_15_1.0.png,FG_4_50_1.0_BG_2_15_1.0.png,0.3787945806980133
50,70,FG_4_50_1.0_BG_2_5_0.5.png,FG_4_50_1.0_BG_2_5_0.5.png,0.43788087368011475
50,70,FG_4_50_1.0_BG_2_5_1.0.png,FG_4_50_1.0_BG_2_5_1.0.png,0.4343511164188385
50,70,FG_4_50_1.0_BG_4_15_0.5.png,FG_4_50_1.0_BG_4_15_0.5.png,0.3860212564468384
50,70,FG_4_50_1.0_BG_4_15_1.0.png,FG_4_50_1.0_BG_4_15_1.0.png,0.3773435950279236
50,70,FG_4_50_1.0_BG_4_5_0.5.png,FG_4_50_1.0_BG_4_5_0.5.png,0.42451727390289307
50,70,FG_4_50_1.0_BG_4_5_1.0.png,FG_4_50_1.0_BG_4_5_1.0.png,0.42519474029541016
50,70,FG_4_5_0.5_BG_2_15_0.5.png,FG_4_5_0.5_BG_2_15_0.5.png,0.26344048976898193
50,70,FG_4_5_0.5_BG_2_15_1.0.png,FG_4_5_0.5_BG_2_15_1.0.png,0.25496041774749756
50,70,FG_4_5_0.5_BG_2_5_0.5.png,FG_4_5_0.5_BG_2_5_0.5.png,0.3141094148159027
50,70,FG_4_5_0.5_BG_2_5_1.0.png,FG_4_5_0.5_BG_2_5_1.0.png,0.2853148579597473
50,70,FG_4_5_0.5_BG_4_15_0.5.png,FG_4_5_0.5_BG_4_15_0.5.png,0.2629576325416565
50,70,FG_4_5_0.5_BG_4_15_1.0.png,FG_4_5_0.5_BG_4_15_1.0.png,0.24976712465286255
50,70,FG_4_5_0.5_BG_4_5_0.5.png,FG_4_5_0.5_BG_4_5_0.5.png,0.2966982126235962
50,70,FG_4_5_0.5_BG_4_5_1.0.png,FG_4_5_0.5_BG_4_5_1.0.png,0.265336811542511
50,70,FG_4_5_1.0_BG_2_15_0.5.png,FG_4_5_1.0_BG_2_15_0.5.png,0.26897794008255005
50,70,FG_4_5_1.0_BG_2_15_1.0.png,FG_4_5_1.0_BG_2_15_1.0.png,0.26221612095832825
50,70,FG_4_5_1.0_BG_2_5_0.5.png,FG_4_5_1.0_BG_2_5_0.5.png,0.32708877325057983
50,70,FG_4_5_1.0_BG_2_5_1.0.png,FG_4_5_1.0_BG_2_5_1.0.png,0.2967541813850403
50,70,FG_4_5_1.0_BG_4_15_0.5.png,FG_4_5_1.0_BG_4_15_0.5.png,0.2678188681602478
50,70,FG_4_5_1.0_BG_4_15_1.0.png,FG_4_5_1.0_BG_4_15_1.0.png,0.2576523423194885
50,70,FG_4_5_1.0_BG_4_5_0.5.png,FG_4_5_1.0_BG_4_5_0.5.png,0.30654439330101013
50,70,FG_4_5_1.0_BG_4_5_1.0.png,FG_4_5_1.0_BG_4_5_1.0.png,0.2806682884693146
60,150,FG_2_50_0.5_BG_2_15_0.5.png,FG_2_50_0.5_BG_2_15_0.5.png,0.4024337828159332
60,150,FG_2_50_0.5_BG_2_15_1.0.png,FG_2_50_0.5_BG_2_15_1.0.png,0.38281959295272827
60,150,FG_2_50_0.5_BG_2_5_0.5.png,FG_2_50_0.5_BG_2_5_0.5.png,0.44864019751548767
60,150,FG_2_50_0.5_BG_2_5_1.0.png,FG_2_50_0.5_BG_2_5_1.0.png,0.4345012307167053
60,150,FG_2_50_0.5_BG_4_15_0.5.png,FG_2_50_0.5_BG_4_15_0.5.png,0.3906818926334381
60,150,FG_2_50_0.5_BG_4_15_1.0.png,FG_2_50_0.5_BG_4_15_1.0.png,0.3724692165851593
60,150,FG_2_50_0.5_BG_4_5_0.5.png,FG_2_50_0.5_BG_4_5_0.5.png,0.4366317391395569
60,150,FG_2_50_0.5_BG_4_5_1.0.png,FG_2_50_0.5_BG_4_5_1.0.png,0.42599356174468994
60,150,FG_2_50_1.0_BG_2_15_0.5.png,FG_2_50_1.0_BG_2_15_0.5.png,0.40464285016059875
60,150,FG_2_50_1.0_BG_2_15_1.0.png,FG_2_50_1.0_BG_2_15_1.0.png,0.38161352276802063
60,150,FG_2_50_1.0_BG_2_5_0.5.png,FG_2_50_1.0_BG_2_5_0.5.png,0.45833027362823486
60,150,FG_2_50_1.0_BG_2_5_1.0.png,FG_2_50_1.0_BG_2_5_1.0.png,0.4431655704975128
60,150,FG_2_50_1.0_BG_4_15_0.5.png,FG_2_50_1.0_BG_4_15_0.5.png,0.40382006764411926
60,150,FG_2_50_1.0_BG_4_15_1.0.png,FG_2_50_1.0_BG_4_15_1.0.png,0.38846004009246826
60,150,FG_2_50_1.0_BG_4_5_0.5.png,FG_2_50_1.0_BG_4_5_0.5.png,0.4461289644241333
60,150,FG_2_50_1.0_BG_4_5_1.0.png,FG_2_50_1.0_BG_4_5_1.0.png,0.4384148120880127
60,150,FG_2_5_0.5_BG_2_15_0.5.png,FG_2_5_0.5_BG_2_15_0.5.png,0.2695993483066559
60,150,FG_2_5_0.5_BG_2_15_1.0.png,FG_2_5_0.5_BG_2_15_1.0.png,0.2602948844432831
60,150,FG_2_5_0.5_BG_2_5_0.5.png,FG_2_5_0.5_BG_2_5_0.5.png,0.34437718987464905
60,150,FG_2_5_0.5_BG_2_5_1.0.png,FG_2_5_0.5_BG_2_5_1.0.png,0.310087114572525
60,150,FG_2_5_0.5_BG_4_15_0.5.png,FG_2_5_0.5_BG_4_15_0.5.png,0.26305779814720154
60,150,FG_2_5_0.5_BG_4_15_1.0.png,FG_2_5_0.5_BG_4_15_1.0.png,0.25344106554985046
60,150,FG_2_5_0.5_BG_4_5_0.5.png,FG_2_5_0.5_BG_4_5_0.5.png,0.31594809889793396
60,150,FG_2_5_0.5_BG_4_5_1.0.png,FG_2_5_0.5_BG_4_5_1.0.png,0.284170925617218
60,150,FG_2_5_1.0_BG_2_15_0.5.png,FG_2_5_1.0_BG_2_15_0.5.png,0.27381789684295654
60,150,FG_2_5_1.0_BG_2_15_1.0.png,FG_2_5_1.0_BG_2_15_1.0.png,0.26423290371894836
60,150,FG_2_5_1.0_BG_2_5_0.5.png,FG_2_5_1.0_BG_2_5_0.5.png,0.34832990169525146
60,150,FG_2_5_1.0_BG_2_5_1.0.png,FG_2_5_1.0_BG_2_5_1.0.png,0.3234119415283203
60,150,FG_2_5_1.0_BG_4_15_0.5.png,FG_2_5_1.0_BG_4_15_0.5.png,0.269842267036438
60,150,FG_2_5_1.0_BG_4_15_1.0.png,FG_2_5_1.0_BG_4_15_1.0.png,0.2580639123916626
60,150,FG_2_5_1.0_BG_4_5_0.5.png,FG_2_5_1.0_BG_4_5_0.5.png,0.3322967290878296
60,150,FG_2_5_1.0_BG_4_5_1.0.png,FG_2_5_1.0_BG_4_5_1.0.png,0.3008490800857544
60,150,FG_4_50_0.5_BG_2_15_0.5.png,FG_4_50_0.5_BG_2_15_0.5.png,0.3902069926261902
60,150,FG_4_50_0.5_BG_2_15_1.0.png,FG_4_50_0.5_BG_2_15_1.0.png,0.367612361907959
60,150,FG_4_50_0.5_BG_2_5_0.5.png,FG_4_50_0.5_BG_2_5_0.5.png,0.44660961627960205
60,150,FG_4_50_0.5_BG_2_5_1.0.png,FG_4_50_0.5_BG_2_5_1.0.png,0.428605318069458
60,150,FG_4_50_0.5_BG_4_15_0.5.png,FG_4_50_0.5_BG_4_15_0.5.png,0.38933151960372925
60,150,FG_4_50_0.5_BG_4_15_1.0.png,FG_4_50_0.5_BG_4_15_1.0.png,0.37003862857818604
60,150,FG_4_50_0.5_BG_4_5_0.5.png,FG_4_50_0.5_BG_4_5_0.5.png,0.4324376583099365
60,150,FG_4_50_0.5_BG_4_5_1.0.png,FG_4_50_0.5_BG_4_5_1.0.png,0.42190447449684143
60,150,FG_4_50_1.0_BG_2_15_0.5.png,FG_4_50_1.0_BG_2_15_0.5.png,0.4042268395423889
60,150,FG_4_50_1.0_BG_2_15_1.0.png,FG_4_50_1.0_BG_2_15_1.0.png,0.37624192237854004
60,150,FG_4_50_1.0_BG_2_5_0.5.png,FG_4_50_1.0_BG_2_5_0.5.png,0.450400710105896
60,150,FG_4_50_1.0_BG_2_5_1.0.png,FG_4_50_1.0_BG_2_5_1.0.png,0.4351974427700043
60,150,FG_4_50_1.0_BG_4_15_0.5.png,FG_4_50_1.0_BG_4_15_0.5.png,0.39305129647254944
60,150,FG_4_50_1.0_BG_4_15_1.0.png,FG_4_50_1.0_BG_4_15_1.0.png,0.3789021074771881
60,150,FG_4_50_1.0_BG_4_5_0.5.png,FG_4_50_1.0_BG_4_5_0.5.png,0.44006985425949097
60,150,FG_4_50_1.0_BG_4_5_1.0.png,FG_4_50_1.0_BG_4_5_1.0.png,0.4333849251270294
60,150,FG_4_5_0.5_BG_2_15_0.5.png,FG_4_5_0.5_BG_2_15_0.5.png,0.26842349767684937
60,150,FG_4_5_0.5_BG_2_15_1.0.png,FG_4_5_0.5_BG_2_15_1.0.png,0.2578164339065552
60,150,FG_4_5_0.5_BG_2_5_0.5.png,FG_4_5_0.5_BG_2_5_0.5.png,0.3440982699394226
60,150,FG_4_5_0.5_BG_2_5_1.0.png,FG_4_5_0.5_BG_2_5_1.0.png,0.312385231256485
60,150,FG_4_5_0.5_BG_4_15_0.5.png,FG_4_5_0.5_BG_4_15_0.5.png,0.26386183500289917
60,150,FG_4_5_0.5_BG_4_15_1.0.png,FG_4_5_0.5_BG_4_15_1.0.png,0.255462110042572
60,150,FG_4_5_0.5_BG_4_5_0.5.png,FG_4_5_0.5_BG_4_5_0.5.png,0.31841352581977844
60,150,FG_4_5_0.5_BG_4_5_1.0.png,FG_4_5_0.5_BG_4_5_1.0.png,0.28841981291770935
60,150,FG_4_5_1.0_BG_2_15_0.5.png,FG_4_5_1.0_BG_2_15_0.5.png,0.2738361060619354
60,150,FG_4_5_1.0_BG_2_15_1.0.png,FG_4_5_1.0_BG_2_15_1.0.png,0.2668117880821228
60,150,FG_4_5_1.0_BG_2_5_0.5.png,FG_4_5_1.0_BG_2_5_0.5.png,0.345515638589859
60,150,FG_4_5_1.0_BG_2_5_1.0.png,FG_4_5_1.0_BG_2_5_1.0.png,0.32478368282318115
60,150,FG_4_5_1.0_BG_4_15_0.5.png,FG_4_5_1.0_BG_4_15_0.5.png,0.2714545428752899
60,150,FG_4_5_1.0_BG_4_15_1.0.png,FG_4_5_1.0_BG_4_15_1.0.png,0.26426100730895996
60,150,FG_4_5_1.0_BG_4_5_0.5.png,FG_4_5_1.0_BG_4_5_0.5.png,0.3282899856567383
60,150,FG_4_5_1.0_BG_4_5_1.0.png,FG_4_5_1.0_BG_4_5_1.0.png,0.30341973900794983
81,150,FG_2_50_0.5_BG_2_15_0.5.png,FG_2_50_0.5_BG_2_15_0.5.png,0.40264981985092163
81,150,FG_2_50_0.5_BG_2_15_1.0.png,FG_2_50_0.5_BG_2_15_1.0.png,0.3838472366333008
81,150,FG_2_50_0.5_BG_2_5_0.5.png,FG_2_50_0.5_BG_2_5_0.5.png,0.44810906052589417
81,150,FG_2_50_0.5_BG_2_5_1.0.png,FG_2_50_0.5_BG_2_5_1.0.png,0.4354371726512909
81,150,FG_2_50_0.5_BG_4_15_0.5.png,FG_2_50_0.5_BG_4_15_0.5.png,0.3911290764808655
81,150,FG_2_50_0.5_BG_4_15_1.0.png,FG_2_50_0.5_BG_4_15_1.0.png,0.3763311803340912
81,150,FG_2_50_0.5_BG_4_5_0.5.png,FG_2_50_0.5_BG_4_5_0.5.png,0.4361690580844879
81,150,FG_2_50_0.5_BG_4_5_1.0.png,FG_2_50_0.5_BG_4_5_1.0.png,0.4273204207420349
81,150,FG_2_50_1.0_BG_2_15_0.5.png,FG_2_50_1.0_BG_2_15_0.5.png,0.4029473066329956
81,150,FG_2_50_1.0_BG_2_15_1.0.png,FG_2_50_1.0_BG_2_15_1.0.png,0.38542038202285767
81,150,FG_2_50_1.0_BG_2_5_0.5.png,FG_2_50_1.0_BG_2_5_0.5.png,0.4560149013996124
81,150,FG_2_50_1.0_BG_2_5_1.0.png,FG_2_50_1.0_BG_2_5_1.0.png,0.4467637836933136
81,150,FG_2_50_1.0_BG_4_15_0.5.png,FG_2_50_1.0_BG_4_15_0.5.png,0.40514737367630005
81,150,FG_2_50_1.0_BG_4_15_1.0.png,FG_2_50_1.0_BG_4_15_1.0.png,0.386340469121933
81,150,FG_2_50_1.0_BG_4_5_0.5.png,FG_2_50_1.0_BG_4_5_0.5.png,0.4481836259365082
81,150,FG_2_50_1.0_BG_4_5_1.0.png,FG_2_50_1.0_BG_4_5_1.0.png,0.4387315511703491
81,150,FG_2_5_0.5_BG_2_15_0.5.png,FG_2_5_0.5_BG_2_15_0.5.png,0.27107930183410645
81,150,FG_2_5_0.5_BG_2_15_1.0.png,FG_2_5_0.5_BG_2_15_1.0.png,0.2618551552295685
81,150,FG_2_5_0.5_BG_2_5_0.5.png,FG_2_5_0.5_BG_2_5_0.5.png,0.34881019592285156
81,150,FG_2_5_0.5_BG_2_5_1.0.png,FG_2_5_0.5_BG_2_5_1.0.png,0.31157588958740234
81,150,FG_2_5_0.5_BG_4_15_0.5.png,FG_2_5_0.5_BG_4_15_0.5.png,0.26539555191993713
81,150,FG_2_5_0.5_BG_4_15_1.0.png,FG_2_5_0.5_BG_4_15_1.0.png,0.25576186180114746
81,150,FG_2_5_0.5_BG_4_5_0.5.png,FG_2_5_0.5_BG_4_5_0.5.png,0.31789594888687134
81,150,FG_2_5_0.5_BG_4_5_1.0.png,FG_2_5_0.5_BG_4_5_1.0.png,0.286281019449234
81,150,FG_2_5_1.0_BG_2_15_0.5.png,FG_2_5_1.0_BG_2_15_0.5.png,0.2780487835407257
81,150,FG_2_5_1.0_BG_2_15_1.0.png,FG_2_5_1.0_BG_2_15_1.0.png,0.26679524779319763
81,150,FG_2_5_1.0_BG_2_5_0.5.png,FG_2_5_1.0_BG_2_5_0.5.png,0.35416656732559204
81,150,FG_2_5_1.0_BG_2_5_1.0.png,FG_2_5_1.0_BG_2_5_1.0.png,0.32956188917160034
81,150,FG_2_5_1.0_BG_4_15_0.5.png,FG_2_5_1.0_BG_4_15_0.5.png,0.27418917417526245
81,150,FG_2_5_1.0_BG_4_15_1.0.png,FG_2_5_1.0_BG_4_15_1.0.png,0.26032882928848267
81,150,FG_2_5_1.0_BG_4_5_0.5.png,FG_2_5_1.0_BG_4_5_0.5.png,0.3368090093135834
81,150,FG_2_5_1.0_BG_4_5_1.0.png,FG_2_5_1.0_BG_4_5_1.0.png,0.30486932396888733
81,150,FG_4_50_0.5_BG_2_15_0.5.png,FG_4_50_0.5_BG_2_15_0.5.png,0.3899049162864685
81,150,FG_4_50_0.5_BG_2_15_1.0.png,FG_4_50_0.5_BG_2_15_1.0.png,0.36902520060539246
81,150,FG_4_50_0.5_BG_2_5_0.5.png,FG_4_50_0.5_BG_2_5_0.5.png,0.44336891174316406
81,150,FG_4_50_0.5_BG_2_5_1.0.png,FG_4_50_0.5_BG_2_5_1.0.png,0.4301075339317322
81,150,FG_4_50_0.5_BG_4_15_0.5.png,FG_4_50_0.5_BG_4_15_0.5.png,0.3909749984741211
81,150,FG_4_50_0.5_BG_4_15_1.0.png,FG_4_50_0.5_BG_4_15_1.0.png,0.3723369240760803
81,150,FG_4_50_0.5_BG_4_5_0.5.png,FG_4_50_0.5_BG_4_5_0.5.png,0.4331485331058502
81,150,FG_4_50_0.5_BG_4_5_1.0.png,FG_4_50_0.5_BG_4_5_1.0.png,0.4233682155609131
81,150,FG_4_50_1.0_BG_2_15_0.5.png,FG_4_50_1.0_BG_2_15_0.5.png,0.40441057085990906
81,150,FG_4_50_1.0_BG_2_15_1.0.png,FG_4_50_1.0_BG_2_15_1.0.png,0.3795519471168518
81,150,FG_4_50_1.0_BG_2_5_0.5.png,FG_4_50_1.0_BG_2_5_0.5.png,0.44762733578681946
81,150,FG_4_50_1.0_BG_2_5_1.0.png,FG_4_50_1.0_BG_2_5_1.0.png,0.4393216073513031
81,150,FG_4_50_1.0_BG_4_15_0.5.png,FG_4_50_1.0_BG_4_15_0.5.png,0.39440467953681946
81,150,FG_4_50_1.0_BG_4_15_1.0.png,FG_4_50_1.0_BG_4_15_1.0.png,0.3824964165687561
81,150,FG_4_50_1.0_BG_4_5_0.5.png,FG_4_50_1.0_BG_4_5_0.5.png,0.44145652651786804
81,150,FG_4_50_1.0_BG_4_5_1.0.png,FG_4_50_1.0_BG_4_5_1.0.png,0.4357088804244995
81,150,FG_4_5_0.5_BG_2_15_0.5.png,FG_4_5_0.5_BG_2_15_0.5.png,0.2680019438266754
81,150,FG_4_5_0.5_BG_2_15_1.0.png,FG_4_5_0.5_BG_2_15_1.0.png,0.25893282890319824
81,150,FG_4_5_0.5_BG_2_5_0.5.png,FG_4_5_0.5_BG_2_5_0.5.png,0.3448760211467743
81,150,FG_4_5_0.5_BG_2_5_1.0.png,FG_4_5_0.5_BG_2_5_1.0.png,0.3156462013721466
81,150,FG_4_5_0.5_BG_4_15_0.5.png,FG_4_5_0.5_BG_4_15_0.5.png,0.2641856074333191
81,150,FG_4_5_0.5_BG_4_15_1.0.png,FG_4_5_0.5_BG_4_15_1.0.png,0.2554929852485657
81,150,FG_4_5_0.5_BG_4_5_0.5.png,FG_4_5_0.5_BG_4_5_0.5.png,0.3204532265663147
81,150,FG_4_5_0.5_BG_4_5_1.0.png,FG_4_5_0.5_BG_4_5_1.0.png,0.28910723328590393
81,150,FG_4_5_1.0_BG_2_15_0.5.png,FG_4_5_1.0_BG_2_15_0.5.png,0.27536386251449585
81,150,FG_4_5_1.0_BG_2_15_1.0.png,FG_4_5_1.0_BG_2_15_1.0.png,0.2679580748081207
81,150,FG_4_5_1.0_BG_2_5_0.5.png,FG_4_5_1.0_BG_2_5_0.5.png,0.34983232617378235
81,150,FG_4_5_1.0_BG_2_5_1.0.png,FG_4_5_1.0_BG_2_5_1.0.png,0.32717517018318176
81,150,FG_4_5_1.0_BG_4_15_0.5.png,FG_4_5_1.0_BG_4_15_0.5.png,0.2724961042404175
81,150,FG_4_5_1.0_BG_4_15_1.0.png,FG_4_5_1.0_BG_4_15_1.0.png,0.2652501165866852
81,150,FG_4_5_1.0_BG_4_5_0.5.png,FG_4_5_1.0_BG_4_5_0.5.png,0.3337368965148926
81,150,FG_4_5_1.0_BG_4_5_1.0.png,FG_4_5_1.0_BG_4_5_1.0.png,0.30793309211730957
