Pilot_ID,Hypothesis,Component,Family,Session_Type,Ref_Contrast,Orientation,Ocularity,Comparison,Condition,Baseline_Condition,Current_Primary_Test,Sample_Size_Target_Test,Difference_Definition,Analysis_Scale,Trial_Pairing_Method,Pilot_Trial_Count,Pilot_Mean_Log10_Difference,Pilot_SD_Log10_Difference,Pilot_SEM_Log10_Difference,Pilot_Mean_CI_Level,Pilot_Mean_CI_Log10_Lower,Pilot_Mean_CI_Log10_Upper,Pilot_Geometric_Mean_Ratio,Pilot_Mean_CI_Ratio_Lower,Pilot_Mean_CI_Ratio_Upper,Pilot_Trial_T_Statistic,Pilot_Trial_Degrees_Of_Freedom,Pilot_Trial_P_Value_Two_Sided,Pilot_Trial_Cohens_Dz,Assumed_True_Participant_Cohens_Dz,Required_Participants_For_Target_Power,Effect_Estimate_Status,Power_Method,Power_Alpha,Target_Power,Maximum_Participants_Searched,Multiple_Comparison_Adjustment_In_Power,TOST_Sample_Size_Included,Effect_Assumption
0,H1,H1_monocular,H1_DPF_vs_reference,experiment,0.1,0.0,monocular,Dual plane flat vs Reference contrast,Dual plane flat,Reference contrast,dual_inference,two_sided_t_component,log10(DPF_trial) - log10(Ref),log10_AR_Matched_Contrast,within_cell_order_by_trial_id_or_source_row,5,0.08346681017246609,0.04955696061611463,0.022162546539182433,0.95,0.02193371631503472,0.14499990402989746,1.2119000689214572,1.0518013316299741,1.3963680524874305,3.7661200180629217,4,0.019670380923699105,1.6842600743622858,1.6842600743622858,5,ok,two_sided_one_sample_noncentral_t,0.05,0.8,10000,none,False,single_participant_trial_effect_assumed_as_true_participant_effect
0,H1,H1_binocular,H1_DPF_vs_reference,experiment,0.1,0.0,binocular,Dual plane flat vs Reference contrast,Dual plane flat,Reference contrast,dual_inference,two_sided_t_component,log10(DPF_trial) - log10(Ref),log10_AR_Matched_Contrast,within_cell_order_by_trial_id_or_source_row,5,0.049440073980437794,0.06756955865437608,0.030218025272168825,0.95,-0.034458614375218556,0.13333876233609415,1.1205727935012004,0.9237222093384345,1.3593733839466722,1.6361120071592736,4,0.17715677397336474,0.7316915333623516,0.7316915333623516,17,ok,two_sided_one_sample_noncentral_t,0.05,0.8,10000,none,False,single_participant_trial_effect_assumed_as_true_participant_effect
0,H2,H2_monocular_Single plane,H2_corrected_conditions_vs_reference,experiment,0.1,0.0,monocular,DPF-corrected Single plane vs Reference contrast,Single plane,Dual plane flat,t,two_sided_t_component,log10(Single plane_trial) - log10(DPF_trial),log10_AR_Matched_Contrast,within_cell_order_by_trial_id_or_source_row,5,0.29752323815137294,0.03771300693565704,0.016865769428810035,0.95,0.2506963551753587,0.34435012112738717,1.9839158090083633,1.7811330207105276,2.2097855081386313,17.640656087895106,4,6.0652020687763956e-05,7.889141236045793,7.889141236045793,3,ok,two_sided_one_sample_noncentral_t,0.05,0.8,10000,none,False,single_participant_trial_effect_assumed_as_true_participant_effect
0,H2,H2_monocular_Single plane + defocus simulation,H2_corrected_conditions_vs_reference,experiment,0.1,0.0,monocular,DPF-corrected Single plane + defocus simulation vs Reference contrast,Single plane + defocus simulation,Dual plane flat,t,two_sided_t_component,log10(Single plane + defocus simulation_trial) - log10(DPF_trial),log10_AR_Matched_Contrast,within_cell_order_by_trial_id_or_source_row,5,0.09300540416753163,0.0555678094204595,0.024850679844980128,0.95,0.024008855751099095,0.16200195258396416,1.238812001660478,1.0568390591265142,1.4521181462827883,3.7425698108745644,4,0.0200761841623037,1.6737281015308114,1.6737281015308114,6,ok,two_sided_one_sample_noncentral_t,0.05,0.8,10000,none,False,single_participant_trial_effect_assumed_as_true_participant_effect
0,H2,H2_monocular_Dual plane,H2_corrected_conditions_vs_reference,experiment,0.1,0.0,monocular,DPF-corrected Dual plane vs Reference contrast,Dual plane,Dual plane flat,t,two_sided_t_component,log10(Dual plane_trial) - log10(DPF_trial),log10_AR_Matched_Contrast,within_cell_order_by_trial_id_or_source_row,5,0.016163799008131186,0.04969545308723838,0.022224482255143358,0.95,-0.04554125596471681,0.07786885398097917,1.0379198050367795,0.9004482202763737,1.1963792003019769,0.7272969881847501,4,0.5073278655854592,0.3252571010823925,0.3252571010823925,77,ok,two_sided_one_sample_noncentral_t,0.05,0.8,10000,none,False,single_participant_trial_effect_assumed_as_true_participant_effect
0,H2,H2_binocular_Single plane,H2_corrected_conditions_vs_reference,experiment,0.1,0.0,binocular,DPF-corrected Single plane vs Reference contrast,Single plane,Dual plane flat,t,two_sided_t_component,log10(Single plane_trial) - log10(DPF_trial),log10_AR_Matched_Contrast,within_cell_order_by_trial_id_or_source_row,5,0.36505918853402675,0.12583457250546498,0.05627493160836914,0.95,0.20881493012462965,0.5213034469434239,2.317710501412576,1.6173906573099404,3.3212643736254384,6.487065876411222,4,0.00291144318398597,2.9011040548349483,2.9011040548349483,4,ok,two_sided_one_sample_noncentral_t,0.05,0.8,10000,none,False,single_participant_trial_effect_assumed_as_true_participant_effect
0,H2,H2_binocular_Single plane + defocus simulation,H2_corrected_conditions_vs_reference,experiment,0.1,0.0,binocular,DPF-corrected Single plane + defocus simulation vs Reference contrast,Single plane + defocus simulation,Dual plane flat,t,two_sided_t_component,log10(Single plane + defocus simulation_trial) - log10(DPF_trial),log10_AR_Matched_Contrast,within_cell_order_by_trial_id_or_source_row,5,0.13425881749599794,0.05218934086895168,0.023339782776776778,0.95,0.06945719184903629,0.1990604431429596,1.3622562762928392,1.1734300124863,1.5814681255401235,5.752359341989518,4,0.004528651621219954,2.572533303938904,2.572533303938904,4,ok,two_sided_one_sample_noncentral_t,0.05,0.8,10000,none,False,single_participant_trial_effect_assumed_as_true_participant_effect
0,H2,H2_binocular_Dual plane,H2_corrected_conditions_vs_reference,experiment,0.1,0.0,binocular,DPF-corrected Dual plane vs Reference contrast,Dual plane,Dual plane flat,t,two_sided_t_component,log10(Dual plane_trial) - log10(DPF_trial),log10_AR_Matched_Contrast,within_cell_order_by_trial_id_or_source_row,5,0.09361736581179532,0.06386083461453536,0.028559433459594528,0.95,0.014323666575682015,0.17291106504790862,1.2405588343577847,1.033531378564152,1.4890561171361858,3.2779839958745614,4,0.03055863147706365,1.4659590087863819,1.4659590087863819,6,ok,two_sided_one_sample_noncentral_t,0.05,0.8,10000,none,False,single_participant_trial_effect_assumed_as_true_participant_effect
0,H3,H3_monocular_Single plane + defocus simulation,H3_SP_vs_SPD_DP,experiment,0.1,0.0,monocular,Single plane + defocus simulation vs Single plane,Single plane + defocus simulation,Single plane,t,two_sided_t_component,log10(Single plane + defocus simulation_trial) - log10(Single plane_trial),log10_AR_Matched_Contrast,within_cell_order_by_trial_id_or_source_row,5,-0.2045178339838413,0.03260632082523672,0.01458198997227927,0.95,-0.24500392866641937,-0.16403173930126322,0.6244277080889251,0.5688477849730282,0.6854381311297105,-14.02537200839082,4,0.00014993972172008363,-6.272337044096925,-6.272337044096925,3,ok,two_sided_one_sample_noncentral_t,0.05,0.8,10000,none,False,single_participant_trial_effect_assumed_as_true_participant_effect
0,H3,H3_monocular_Dual plane,H3_SP_vs_SPD_DP,experiment,0.1,0.0,monocular,Dual plane vs Single plane,Dual plane,Single plane,t,two_sided_t_component,log10(Dual plane_trial) - log10(Single plane_trial),log10_AR_Matched_Contrast,within_cell_order_by_trial_id_or_source_row,5,-0.28135943914324174,0.03066929377436041,0.013715725140276193,0.95,-0.3194403970731999,-0.24327848121328358,0.5231672636126486,0.479247220672224,0.571112306779852,-20.513639363990347,4,3.335271757648162e-05,-9.173978416759592,-9.173978416759592,3,ok,two_sided_one_sample_noncentral_t,0.05,0.8,10000,none,False,single_participant_trial_effect_assumed_as_true_participant_effect
0,H3,H3_binocular_Single plane + defocus simulation,H3_SP_vs_SPD_DP,experiment,0.1,0.0,binocular,Single plane + defocus simulation vs Single plane,Single plane + defocus simulation,Single plane,t,two_sided_t_component,log10(Single plane + defocus simulation_trial) - log10(Single plane_trial),log10_AR_Matched_Contrast,within_cell_order_by_trial_id_or_source_row,5,-0.23080037103802872,0.11423516899195166,0.051087520657436006,0.95,-0.37264206770405806,-0.08895867437199936,0.587759461530068,0.42399226361069176,0.8147818115269121,-4.517744609014114,4,0.010676692134921463,-2.0203968101477536,-2.0203968101477536,5,ok,two_sided_one_sample_noncentral_t,0.05,0.8,10000,none,False,single_participant_trial_effect_assumed_as_true_participant_effect
0,H3,H3_binocular_Dual plane,H3_SP_vs_SPD_DP,experiment,0.1,0.0,binocular,Dual plane vs Single plane,Dual plane,Single plane,t,two_sided_t_component,log10(Dual plane_trial) - log10(Single plane_trial),log10_AR_Matched_Contrast,within_cell_order_by_trial_id_or_source_row,5,-0.2714418227222314,0.1042452443197047,0.0466198905259867,0.95,-0.40087938957796415,-0.14200425586649862,0.5352518503073187,0.39730187114072735,0.7211004127285616,-5.822446592209932,4,0.004333214463622392,-2.6038772751086814,-2.6038772751086814,4,ok,two_sided_one_sample_noncentral_t,0.05,0.8,10000,none,False,single_participant_trial_effect_assumed_as_true_participant_effect
0,H4,H4-1,H4_SPD_DP_ocularity,experiment,0.1,0.0,binocular_minus_monocular,(DP/SPD)_binocular vs (DP/SPD)_monocular,binocular log10(DP/SPD),monocular log10(DP/SPD),t,two_sided_t_component,[log10(DP)-log10(SPD)]_binocular - [log10(DP)-log10(SPD)]_monocular,log10_AR_Matched_Contrast,within_cell_order_by_trial_id_or_source_row,5,0.036200153475197804,0.019099895194758423,0.008541732803720283,0.95,0.012484501242401198,0.05991580570799441,1.086926440434772,1.0291637985563027,1.1479310568186223,4.238033933750669,4,0.013284410220219678,1.895306393363467,1.895306393363467,5,ok,two_sided_one_sample_noncentral_t,0.05,0.8,10000,none,False,single_participant_trial_effect_assumed_as_true_participant_effect
0,H4,H4-2,H4_SPD_DP_ocularity,experiment,0.1,0.0,monocular,Dual plane vs Single plane + defocus simulation,Dual plane,Single plane + defocus simulation,TOST,two_sided_t_component,log10(DP_trial) - log10(SPD_trial),log10_AR_Matched_Contrast,within_cell_order_by_trial_id_or_source_row,5,-0.07684160515940044,0.00846919398391835,0.003787538692534738,0.95,-0.08735749842303576,-0.06632571189576512,0.8378347995059566,0.817791329257238,0.8583695206217837,-20.288005324105526,4,3.484915115554631e-05,-9.073071806515522,-9.073071806515522,3,ok,two_sided_one_sample_noncentral_t,0.05,0.8,10000,none,False,single_participant_trial_effect_assumed_as_true_participant_effect
0,H4,H4-3,H4_SPD_DP_ocularity,experiment,0.1,0.0,binocular,Dual plane vs Single plane + defocus simulation,Dual plane,Single plane + defocus simulation,t,two_sided_t_component,log10(DP_trial) - log10(SPD_trial),log10_AR_Matched_Contrast,within_cell_order_by_trial_id_or_source_row,5,-0.040641451684202634,0.017613827797185438,0.007877143259696403,0.95,-0.0625119075305285,-0.018770995837876767,0.9106647962993905,0.865940580587161,0.9576989343272109,-5.1594150752780665,4,0.006700727813780456,-2.3073605664917904,-2.3073605664917904,4,ok,two_sided_one_sample_noncentral_t,0.05,0.8,10000,none,False,single_participant_trial_effect_assumed_as_true_participant_effect
0,H1,H1_monocular,H1_DPF_vs_reference,experiment,0.2,0.0,monocular,Dual plane flat vs Reference contrast,Dual plane flat,Reference contrast,dual_inference,two_sided_t_component,log10(DPF_trial) - log10(Ref),log10_AR_Matched_Contrast,within_cell_order_by_trial_id_or_source_row,5,0.030573665992322918,0.04772661396203217,0.0213439906309989,0.95,-0.028686752320501538,0.08983408430514737,1.0729356261196088,0.9360806064038992,1.2297988548434495,1.4324250099660052,4,0.2252959979350369,0.6405999389909602,0.6405999389909602,22,ok,two_sided_one_sample_noncentral_t,0.05,0.8,10000,none,False,single_participant_trial_effect_assumed_as_true_participant_effect
0,H1,H1_binocular,H1_DPF_vs_reference,experiment,0.2,0.0,binocular,Dual plane flat vs Reference contrast,Dual plane flat,Reference contrast,dual_inference,two_sided_t_component,log10(DPF_trial) - log10(Ref),log10_AR_Matched_Contrast,within_cell_order_by_trial_id_or_source_row,5,0.04418120367441329,0.029794773208330575,0.013324627653603333,0.95,0.0071861064469831565,0.08117630090184343,1.107085604569665,1.016684275109938,1.205525221399581,3.31575521830552,4,0.02949527686519309,1.4828508129761595,1.4828508129761595,6,ok,two_sided_one_sample_noncentral_t,0.05,0.8,10000,none,False,single_participant_trial_effect_assumed_as_true_participant_effect
0,H2,H2_monocular_Single plane,H2_corrected_conditions_vs_reference,experiment,0.2,0.0,monocular,DPF-corrected Single plane vs Reference contrast,Single plane,Dual plane flat,t,two_sided_t_component,log10(Single plane_trial) - log10(DPF_trial),log10_AR_Matched_Contrast,within_cell_order_by_trial_id_or_source_row,5,0.11618812655477455,0.05360359113507514,0.023972254723226623,0.95,0.049630477267917306,0.1827457758416318,1.3067368144063152,1.1210641824786232,1.5231608759004525,4.846775069605794,4,0.008358925233360867,2.167543705457966,2.167543705457966,4,ok,two_sided_one_sample_noncentral_t,0.05,0.8,10000,none,False,single_participant_trial_effect_assumed_as_true_participant_effect
0,H2,H2_monocular_Single plane + defocus simulation,H2_corrected_conditions_vs_reference,experiment,0.2,0.0,monocular,DPF-corrected Single plane + defocus simulation vs Reference contrast,Single plane + defocus simulation,Dual plane flat,t,two_sided_t_component,log10(Single plane + defocus simulation_trial) - log10(DPF_trial),log10_AR_Matched_Contrast,within_cell_order_by_trial_id_or_source_row,5,0.03965860409584365,0.06985017610668857,0.031237948402977448,0.95,-0.04707184484402431,0.12638905303571163,1.095616600868701,0.8972803461513473,1.337793412335162,1.2695649401886966,4,0.273075512017872,0.567766701622476,0.567766701622476,27,ok,two_sided_one_sample_noncentral_t,0.05,0.8,10000,none,False,single_participant_trial_effect_assumed_as_true_participant_effect
0,H2,H2_monocular_Dual plane,H2_corrected_conditions_vs_reference,experiment,0.2,0.0,monocular,DPF-corrected Dual plane vs Reference contrast,Dual plane,Dual plane flat,t,two_sided_t_component,log10(Dual plane_trial) - log10(DPF_trial),log10_AR_Matched_Contrast,within_cell_order_by_trial_id_or_source_row,5,0.003989953146087433,0.08141977212384843,0.0364120290362935,0.95,-0.09710604664204958,0.10508595293422446,1.0092295385568684,0.7996389741881031,1.2737551499786104,0.1095778854320496,4,0.9180215237645469,0.049004720131349364,0.049004720131349364,3271,ok,two_sided_one_sample_noncentral_t,0.05,0.8,10000,none,False,single_participant_trial_effect_assumed_as_true_participant_effect
0,H2,H2_binocular_Single plane,H2_corrected_conditions_vs_reference,experiment,0.2,0.0,binocular,DPF-corrected Single plane vs Reference contrast,Single plane,Dual plane flat,t,two_sided_t_component,log10(Single plane_trial) - log10(DPF_trial),log10_AR_Matched_Contrast,within_cell_order_by_trial_id_or_source_row,5,0.1255999524192303,0.06216303840759024,0.02780015591346041,0.95,0.04841434560956766,0.20278555922889296,1.3353648870262422,1.1179293175282512,1.5950913474970616,4.517958561463201,4,0.010674948059200343,2.0204924925917758,2.0204924925917758,5,ok,two_sided_one_sample_noncentral_t,0.05,0.8,10000,none,False,single_participant_trial_effect_assumed_as_true_participant_effect
0,H2,H2_binocular_Single plane + defocus simulation,H2_corrected_conditions_vs_reference,experiment,0.2,0.0,binocular,DPF-corrected Single plane + defocus simulation vs Reference contrast,Single plane + defocus simulation,Dual plane flat,t,two_sided_t_component,log10(Single plane + defocus simulation_trial) - log10(DPF_trial),log10_AR_Matched_Contrast,within_cell_order_by_trial_id_or_source_row,5,0.030078358799519523,0.03705423198400525,0.016571156314056527,0.95,-0.015930547036110233,0.07608726463514928,1.0717126545547213,0.9639831727971216,1.1914813933940458,1.8151031967519053,4,0.14369235980783193,0.8117388268228871,0.8117388268228871,14,ok,two_sided_one_sample_noncentral_t,0.05,0.8,10000,none,False,single_participant_trial_effect_assumed_as_true_participant_effect
0,H2,H2_binocular_Dual plane,H2_corrected_conditions_vs_reference,experiment,0.2,0.0,binocular,DPF-corrected Dual plane vs Reference contrast,Dual plane,Dual plane flat,t,two_sided_t_component,log10(Dual plane_trial) - log10(DPF_trial),log10_AR_Matched_Contrast,within_cell_order_by_trial_id_or_source_row,5,0.003476495088638676,0.058927272929876026,0.0263530775999772,0.95,-0.06969137822071562,0.07664436839799298,1.0080370508476504,0.8517430956060605,1.1930107812128394,0.1319198896390638,4,0.901417167764936,0.05899636816344336,0.05899636816344336,2257,ok,two_sided_one_sample_noncentral_t,0.05,0.8,10000,none,False,single_participant_trial_effect_assumed_as_true_participant_effect
0,H3,H3_monocular_Single plane + defocus simulation,H3_SP_vs_SPD_DP,experiment,0.2,0.0,monocular,Single plane + defocus simulation vs Single plane,Single plane + defocus simulation,Single plane,t,two_sided_t_component,log10(Single plane + defocus simulation_trial) - log10(Single plane_trial),log10_AR_Matched_Contrast,within_cell_order_by_trial_id_or_source_row,5,-0.0765295224589309,0.03069903013726815,0.013729023646049256,0.95,-0.11464740296014911,-0.038411641957712676,0.8384370814305621,0.7679847513792436,0.915352470547501,-5.574287322387523,4,0.00507599489448341,-2.4928970757947573,-2.4928970757947573,4,ok,two_sided_one_sample_noncentral_t,0.05,0.8,10000,none,False,single_participant_trial_effect_assumed_as_true_participant_effect
0,H3,H3_monocular_Dual plane,H3_SP_vs_SPD_DP,experiment,0.2,0.0,monocular,Dual plane vs Single plane,Dual plane,Single plane,t,two_sided_t_component,log10(Dual plane_trial) - log10(Single plane_trial),log10_AR_Matched_Contrast,within_cell_order_by_trial_id_or_source_row,5,-0.11219817340868712,0.0644921562067225,0.028841769058753294,0.95,-0.19227576193710788,-0.03212058488026637,0.7723280827711185,0.6422797624336438,0.928708488613694,-3.890128000821631,4,0.01768869211010121,-1.7397181302025049,-1.7397181302025049,5,ok,two_sided_one_sample_noncentral_t,0.05,0.8,10000,none,False,single_participant_trial_effect_assumed_as_true_participant_effect
0,H3,H3_binocular_Single plane + defocus simulation,H3_SP_vs_SPD_DP,experiment,0.2,0.0,binocular,Single plane + defocus simulation vs Single plane,Single plane + defocus simulation,Single plane,t,two_sided_t_component,log10(Single plane + defocus simulation_trial) - log10(Single plane_trial),log10_AR_Matched_Contrast,within_cell_order_by_trial_id_or_source_row,5,-0.09552159361971078,0.06737325264885373,0.03013023455762094,0.95,-0.17917653587567883,-0.011866651363742722,0.8025616555946333,0.6619473747623569,0.9730459483460244,-3.1702904083615966,4,0.03384838153876097,-1.4177969723024195,-1.4177969723024195,7,ok,two_sided_one_sample_noncentral_t,0.05,0.8,10000,none,False,single_participant_trial_effect_assumed_as_true_participant_effect
0,H3,H3_binocular_Dual plane,H3_SP_vs_SPD_DP,experiment,0.2,0.0,binocular,Dual plane vs Single plane,Dual plane,Single plane,t,two_sided_t_component,log10(Dual plane_trial) - log10(Single plane_trial),log10_AR_Matched_Contrast,within_cell_order_by_trial_id_or_source_row,5,-0.12212345733059164,0.05444843984445468,0.024350082552201748,0.95,-0.18973012484381438,-0.054516789817368905,0.7548776073425695,0.6460555700452848,0.8820297022240673,-5.015320053588449,4,0.007409782102756092,-2.2429193137483323,-2.2429193137483323,4,ok,two_sided_one_sample_noncentral_t,0.05,0.8,10000,none,False,single_participant_trial_effect_assumed_as_true_participant_effect
0,H4,H4-1,H4_SPD_DP_ocularity,experiment,0.2,0.0,binocular_minus_monocular,(DP/SPD)_binocular vs (DP/SPD)_monocular,binocular log10(DP/SPD),monocular log10(DP/SPD),t,two_sided_t_component,[log10(DP)-log10(SPD)]_binocular - [log10(DP)-log10(SPD)]_monocular,log10_AR_Matched_Contrast,within_cell_order_by_trial_id_or_source_row,5,0.009066787238875374,0.0818057933541942,0.03658466297865575,0.95,-0.09250852121352432,0.11064209569127506,1.0210964992241076,0.808149072410112,1.290155611536258,0.2478302791572831,4,0.8164679554983464,0.11083307021568684,0.11083307021568684,641,ok,two_sided_one_sample_noncentral_t,0.05,0.8,10000,none,False,single_participant_trial_effect_assumed_as_true_participant_effect
0,H4,H4-2,H4_SPD_DP_ocularity,experiment,0.2,0.0,monocular,Dual plane vs Single plane + defocus simulation,Dual plane,Single plane + defocus simulation,TOST,two_sided_t_component,log10(DP_trial) - log10(SPD_trial),log10_AR_Matched_Contrast,within_cell_order_by_trial_id_or_source_row,5,-0.03566865094975622,0.060283597726569285,0.02695964448897214,0.95,-0.11052062392903558,0.039183322029523134,0.921152105359359,0.7753171239532081,1.094418238670541,-1.3230386240570238,4,0.2563856352820135,-0.5916808600498586,-0.5916808600498586,25,ok,two_sided_one_sample_noncentral_t,0.05,0.8,10000,none,False,single_participant_trial_effect_assumed_as_true_participant_effect
0,H4,H4-3,H4_SPD_DP_ocularity,experiment,0.2,0.0,binocular,Dual plane vs Single plane + defocus simulation,Dual plane,Single plane + defocus simulation,t,two_sided_t_component,log10(DP_trial) - log10(SPD_trial),log10_AR_Matched_Contrast,within_cell_order_by_trial_id_or_source_row,5,-0.026601863710880847,0.05844569056109685,0.026137707417306075,0.95,-0.09917177353075235,0.04596804610899066,0.9405851900353578,0.7958445132130055,1.1116499329022358,-1.017758110386814,4,0.3663444953351369,-0.45515526389533023,-0.45515526389533023,40,ok,two_sided_one_sample_noncentral_t,0.05,0.8,10000,none,False,single_participant_trial_effect_assumed_as_true_participant_effect
