foreground_path,background_path,foreground_texture_class,foreground_luminance_class,background_luminance_class,right_visibility_score,left_visibility_score,signed_score_difference,absolute_score_difference,right_clip_ratio,left_clip_ratio,disparity_deg,disparity_px,difference_group,group_rank,rank
C:\Users\Hamada.MSI\Desktop\Hamada\lab\data\raw\images\Describable Textures Dataset\images\knitted\knitted_0102.jpg,C:\Users\Hamada.MSI\Desktop\Hamada\lab\data\raw\images\McGill Calibrated Color Image Database\Textures\Textures\pippin_RVHtexture011.tif,3,1,3,0.4443390369415283,0.4443392753601074,2.384185791015625e-07,2.384185791015625e-07,0.0,0.0,4.0946852325771905,265,low,1,13
C:\Users\Hamada.MSI\Desktop\Hamada\lab\data\raw\images\Describable Textures Dataset\images\matted\matted_0118.jpg,C:\Users\Hamada.MSI\Desktop\Hamada\lab\data\raw\images\Describable Textures Dataset\images\chequered\chequered_0190.jpg,4,1,2,0.4603936970233917,0.46039432287216187,6.258487701416016e-07,6.258487701416016e-07,0.00109100341796875,0.001361846923828125,4.0946852325771905,265,low,2,14
C:\Users\Hamada.MSI\Desktop\Hamada\lab\data\raw\images\Describable Textures Dataset\images\wrinkled\wrinkled_0102.jpg,C:\Users\Hamada.MSI\Desktop\Hamada\lab\data\raw\images\McGill Calibrated Color Image Database\Textures\Textures\pippin_Peel037.tif,2,1,3,0.21760128438472748,0.21760058403015137,-7.003545761108398e-07,7.003545761108398e-07,0.0,0.0,4.0946852325771905,265,low,3,12
C:\Users\Hamada.MSI\Desktop\Hamada\lab\data\raw\images\Describable Textures Dataset\images\chequered\chequered_0173.jpg,C:\Users\Hamada.MSI\Desktop\Hamada\lab\data\raw\images\Describable Textures Dataset\images\pleated\pleated_0086.jpg,1,1,3,0.3375016748905182,0.3375028669834137,1.1920928955078125e-06,1.1920928955078125e-06,0.0,0.0,4.0946852325771905,265,low,4,11
C:\Users\Hamada.MSI\Desktop\Hamada\lab\data\raw\images\Describable Textures Dataset\images\meshed\meshed_0158.jpg,C:\Users\Hamada.MSI\Desktop\Hamada\lab\data\raw\images\Describable Textures Dataset\images\lined\lined_0075.jpg,6,1,3,0.45108848810195923,0.4510872960090637,-1.1920928955078125e-06,1.1920928955078125e-06,0.0,0.0,4.0946852325771905,265,low,5,16
C:\Users\Hamada.MSI\Desktop\Hamada\lab\data\raw\images\McGill Calibrated Color Image Database\Textures\Textures\merry_mexico0118.tif,C:\Users\Hamada.MSI\Desktop\Hamada\lab\data\raw\images\Describable Textures Dataset\images\marbled\marbled_0089.jpg,5,1,3,0.3144986927509308,0.3144969642162323,-1.7285346984863281e-06,1.7285346984863281e-06,0.0,0.0,4.0946852325771905,265,low,6,15
C:\Users\Hamada.MSI\Desktop\Hamada\lab\data\raw\images\Describable Textures Dataset\images\freckled\freckled_0075.jpg,C:\Users\Hamada.MSI\Desktop\Hamada\lab\data\raw\images\Describable Textures Dataset\images\matted\matted_0040.jpg,8,1,2,0.39720863103866577,0.3972059488296509,-2.682209014892578e-06,2.682209014892578e-06,0.0,7.62939453125e-06,4.0946852325771905,265,low,7,18
C:\Users\Hamada.MSI\Desktop\Hamada\lab\data\raw\images\Describable Textures Dataset\images\dotted\dotted_0151.jpg,C:\Users\Hamada.MSI\Desktop\Hamada\lab\data\raw\images\Describable Textures Dataset\images\crosshatched\crosshatched_0145.jpg,7,1,3,0.312269389629364,0.31226611137390137,-3.2782554626464844e-06,3.2782554626464844e-06,0.0,0.0,4.0946852325771905,265,low,8,17
C:\Users\Hamada.MSI\Desktop\Hamada\lab\data\raw\images\Describable Textures Dataset\images\scaly\scaly_0189.jpg,C:\Users\Hamada.MSI\Desktop\Hamada\lab\data\raw\images\Describable Textures Dataset\images\zigzagged\zigzagged_0087.jpg,9,1,3,0.3442278504371643,0.34422218799591064,-5.662441253662109e-06,5.662441253662109e-06,0.002384185791015625,0.00333404541015625,4.0946852325771905,265,low,9,19
C:\Users\Hamada.MSI\Desktop\Hamada\lab\data\raw\images\Describable Textures Dataset\images\bubbly\bubbly_0131.jpg,C:\Users\Hamada.MSI\Desktop\Hamada\lab\data\raw\images\McGill Calibrated Color Image Database\Textures\Textures\pippin_Peel013.tif,10,1,2,0.6096383929252625,0.6096483469009399,9.953975677490234e-06,9.953975677490234e-06,0.0,0.005802154541015625,4.0946852325771905,265,low,10,20